Period,Store No,Store Name,Store Full,SOS,Pre-Bump %,Adoption %,Make Ahead %,Waste %,Checks Passed,Checks Total,Adherence %,SOS Pass,Adoption Pass,Make Ahead Pass,Waste Pass,Pre-Bump Pass
P3W2,1096,Tamarac-N. University Drive,1096-FL-Tamarac-N. University Drive,12.933333333333334,0.666666666666667,100.0,0.0,,3,4,75.0,False,True,True,,True
P3W2,1167,Pembroke Pines-Pines Blvd,1167-FL-Pembroke Pines-Pines Blvd,13.216666666666667,0.40816326530612196,100.0,5.6176919166243,,3,4,75.0,False,True,True,,True
P3W2,1252,Fort Lauderdale-W. Broward Blv,1252-FL-Fort Lauderdale-W. Broward Blvd.,7.933333333333334,1.07913669064748,58.5106382978723,33.6984721821851,0.94948727687049,3,5,60.0,True,False,False,True,True
P3W2,1677,Palmetto Bay- SW 160th St.,1677-FL-Palmetto Bay- SW 160th St.,7.216666666666667,0.0,85.2941176470588,0.0,,4,4,100.0,True,True,True,,True
P3W2,1726,Fort Lauderdale-E. Commercial ,1726-FL-Fort Lauderdale-E. Commercial Blvd,9.083333333333334,0.591715976331361,100.0,2.4743052912067,,4,4,100.0,True,True,True,,True
P3W2,1771,Miami-SW 152nd St,1771-FL-Miami-SW 152nd St,5.45,0.5494505494505489,100.0,0.0,0.600961538461538,5,5,100.0,True,True,True,True,True
P3W2,183,Margate-Atlantic,183-FL-Margate-Atlantic,21.533333333333335,1.38888888888889,100.0,0.0,,3,4,75.0,False,True,True,,True
P3W2,1841,Ft Lauderdale-S Federal Hwy,1841-FL-Ft Lauderdale-S Federal Hwy,7.65,0.0,86.1111111111111,5.83562480904369,2.12014134275618,5,5,100.0,True,True,True,True,True
P3W2,1847,Pompano Beach-N. Federal Hwy,1847-FL-Pompano Beach-N. Federal Hwy,10.816666666666666,0.0,53.623188405797094,0.0,4.44136016655101,3,5,60.0,False,False,True,True,True
P3W2,1848,Miami-SW 107th Ave,1848-FL-Miami-SW 107th Ave,8.683333333333334,0.0,100.0,0.0,,4,4,100.0,True,True,True,,True
P3W2,1864,Hialeah Gardens-W 33rd Ave,1864-FL-Hialeah Gardens-W 33rd Ave,7.683333333333334,0.0,100.0,0.0,,4,4,100.0,True,True,True,,True
P3W2,1891,Miami-SW 137th Ave,1891-FL-Miami-SW 137th Ave,9.7,1.27388535031847,100.0,0.0,2.36051502145923,5,5,100.0,True,True,True,True,True
P3W2,1954,Miami-N Kendall Dr,1954-FL-Miami-N Kendall Dr,7.1,0.0,94.5454545454545,2.88184438040346,1.40041493775934,5,5,100.0,True,True,True,True,True
P3W2,1972,Miami-Bird Ludlam,1972-FL-Miami-Bird Ludlam,5.85,0.0,85.1063829787234,0.0,,4,4,100.0,True,True,True,,True
P3W2,2013,Palm Springs-S Congress Ave,2013-FL-Palm Springs-S Congress Ave,11.016666666666667,0.0,100.0,2.13068181818182,,3,4,75.0,False,True,True,,True
P3W2,2042,Miami-W Flagler St,2042-FL-Miami-W Flagler St,7.666666666666667,0.0,100.0,1.0856079404466499,4.53008789722786,5,5,100.0,True,True,True,True,True
P3W2,2048,Coral Springs-Wiles Rd,2048-FL-Coral Springs-Wiles Rd,10.75,0.395256916996047,95.8333333333333,0.586992251702277,,3,4,75.0,False,True,True,,True
P3W2,205,Lauderhill-Oakland Park,205-FL-Lauderhill-Oakland Park,6.983333333333333,0.571428571428571,100.0,6.58749719919337,,4,4,100.0,True,True,True,,True
P3W2,2118,Naranja-S. Dixie Hwy,2118-FL-Naranja-S. Dixie Hwy,9.15,0.0,100.0,0.0,18.5295087372239,4,5,80.0,True,True,True,False,True
P3W2,2290,Pembroke Pines-N. Flamingo Rd,2290-FL-Pembroke Pines-N. Flamingo Rd,13.283333333333333,2.2222222222222197,89.5833333333333,0.0,0.45016077170418006,3,5,60.0,False,True,True,True,False
P3W2,2497,Royal Palm Beach,2497-FL-Royal Palm Beach,10.15,0.8333333333333329,100.0,0.0,,3,4,75.0,False,True,True,,True
P3W2,2602,Doral-NW 58th St.,2602-FL-Doral-NW 58th St.,11.133333333333333,0.632911392405063,100.0,2.2471910112359503,1.9408502772643301,4,5,80.0,False,True,True,True,True
P3W2,2627,Hialeah-Hialeah Dr.,2627-FL-Hialeah-Hialeah Dr.,9.383333333333333,0.588235294117647,100.0,0.0,,4,4,100.0,True,True,True,,True
P3W2,2696,West Palm Beach-Okeechobee Blv,2696-FL-West Palm Beach-Okeechobee Blvd,9.416666666666666,0.0,100.0,4.37254044599913,,4,4,100.0,True,True,True,,True
P3W2,2766,Miami-Bird Rd.,2766-FL-Miami-Bird Rd.,9.216666666666667,0.671140939597315,100.0,1.26893164142448,1.37867647058824,5,5,100.0,True,True,True,True,True
P3W2,2885,Lantana-W. Lantana Rd,2885-FL-Lantana-W. Lantana Rd,7.066666666666666,1.6806722689075597,94.33962264150941,0.850822461712989,3.1840796019900504,4,5,80.0,True,True,True,True,False
P3W2,2890,Miami-NW 199th St.,2890-FL-Miami-NW 199th St.,12.666666666666666,0.9803921568627451,90.7692307692308,0.0,0.803750837240455,4,5,80.0,False,True,True,True,True
P3W2,2893,Miami-NE Miami Ct. - GK,2893-FL-Miami-NE Miami Ct. - GK,10.416666666666666,0.0,100.0,0.0,,3,4,75.0,False,True,True,,True
P3W2,2974,Delray Beach-Linton Blvd,2974-FL-Delray Beach-Linton Blvd,17.25,0.0,91.6666666666667,0.0,1.87110187110187,4,5,80.0,False,True,True,True,True
P3W2,2976,Weston-Indian Trace,2976-FL-Weston-Indian Trace,11.133333333333333,0.0,78.5714285714286,5.4125412541254105,,2,4,50.0,False,False,True,,True
P3W2,3013,Miami-Quail Roost Dr,3013-FL-Miami-Quail Roost Dr,11.933333333333334,0.0,94.2307692307692,11.5256741780569,5.14705882352941,2,5,40.0,False,True,False,False,True
P3W2,3200,Jupiter-E Indiantown Rd,3200-FL-Jupiter-E Indiantown Rd,8.15,0.0,67.741935483871,29.8288508557457,8.27505827505828,2,5,40.0,True,False,False,False,True
P3W2,346,Miami-Old Cutler Rd,346-FL-Miami-Old Cutler Rd,10.816666666666666,0.0,96.2025316455696,0.0,6.485148514851489,3,5,60.0,False,True,True,False,True
P3W2,4032,Miami-NW 7th St.,4032-FL-Miami-NW 7th St.,9.116666666666667,0.0,97.6190476190476,0.0,0.891410048622366,5,5,100.0,True,True,True,True,True
P3W2,420,Deerfield Beach,420-FL-Deerfield Beach,12.733333333333333,0.0,100.0,0.0,1.67832167832168,4,5,80.0,False,True,True,True,True
P3W2,79,Plantation,79-FL-Plantation,9.633333333333333,0.0,100.0,13.1358529111338,,3,4,75.0,True,True,False,,True
P3W2,871,Florida City-Dixie Hwy,871-FL-Florida City-Dixie Hwy,12.233333333333333,0.0,100.0,0.296853354442905,1.06666666666667,4,5,80.0,False,True,True,True,True
P3W2,883,Hallandale Beach-W Hallandale ,883-FL-Hallandale Beach-W Hallandale Beach Blvd,12.866666666666667,0.0,100.0,0.0,,3,4,75.0,False,True,True,,True
P3W3,1096,Tamarac-N. University Drive,1096-FL-Tamarac-N. University Drive,10.716666666666667,0.0,98.38709677419351,0.0,2.99473897207608,4,5,80.0,False,True,True,True,True
P3W3,1167,Pembroke Pines-Pines Blvd,1167-FL-Pembroke Pines-Pines Blvd,15.633333333333333,0.398406374501992,100.0,7.706002034588,0.446827524575514,4,5,80.0,False,True,True,True,True
P3W3,1252,Fort Lauderdale-W. Broward Blv,1252-FL-Fort Lauderdale-W. Broward Blvd.,8.216666666666667,0.3584229390681,41.6666666666667,31.1590296495957,0.328484279680901,3,5,60.0,True,False,False,True,True
P3W3,1677,Palmetto Bay- SW 160th St.,1677-FL-Palmetto Bay- SW 160th St.,8.433333333333334,0.0,87.5,0.0,,4,4,100.0,True,True,True,,True
P3W3,1726,Fort Lauderdale-E. Commercial ,1726-FL-Fort Lauderdale-E. Commercial Blvd,7.666666666666667,0.0,97.6190476190476,12.1122599704579,4.68483816013629,4,5,80.0,True,True,False,True,True
P3W3,1771,Miami-SW 152nd St,1771-FL-Miami-SW 152nd St,7.783333333333333,1.10497237569061,98.38709677419351,3.7796659830061503,1.92822710230316,5,5,100.0,True,True,True,True,True
P3W3,183,Margate-Atlantic,183-FL-Margate-Atlantic,13.95,0.371747211895911,100.0,0.0,,3,4,75.0,False,True,True,,True
P3W3,1841,Ft Lauderdale-S Federal Hwy,1841-FL-Ft Lauderdale-S Federal Hwy,7.816666666666666,0.0,93.75,9.34432665881429,6.554878048780489,4,5,80.0,True,True,True,False,True
P3W3,1847,Pompano Beach-N. Federal Hwy,1847-FL-Pompano Beach-N. Federal Hwy,10.1,0.512820512820513,59.6491228070175,0.0,3.29847144006436,3,5,60.0,False,False,True,True,True
P3W3,1848,Miami-SW 107th Ave,1848-FL-Miami-SW 107th Ave,9.166666666666666,0.0,100.0,0.0,1.22905027932961,5,5,100.0,True,True,True,True,True
P3W3,1864,Hialeah Gardens-W 33rd Ave,1864-FL-Hialeah Gardens-W 33rd Ave,7.65,0.546448087431694,97.5,0.594000594000594,0.606060606060606,5,5,100.0,True,True,True,True,True
P3W3,1891,Miami-SW 137th Ave,1891-FL-Miami-SW 137th Ave,12.65,0.505050505050505,98.4375,0.0,,3,4,75.0,False,True,True,,True
P3W3,1954,Miami-N Kendall Dr,1954-FL-Miami-N Kendall Dr,7.0,0.0,100.0,0.23255813953488402,1.82648401826484,5,5,100.0,True,True,True,True,True
P3W3,1972,Miami-Bird Ludlam,1972-FL-Miami-Bird Ludlam,9.016666666666667,0.0,88.3720930232558,0.977278279990227,4.21615201900238,5,5,100.0,True,True,True,True,True
P3W3,2013,Palm Springs-S Congress Ave,2013-FL-Palm Springs-S Congress Ave,11.333333333333334,0.689655172413793,100.0,0.0,,3,4,75.0,False,True,True,,True
P3W3,2042,Miami-W Flagler St,2042-FL-Miami-W Flagler St,9.0,0.0,94.8717948717949,0.0,3.53460972017673,5,5,100.0,True,True,True,True,True
P3W3,2048,Coral Springs-Wiles Rd,2048-FL-Coral Springs-Wiles Rd,9.933333333333334,0.0,92.7710843373494,1.04712041884817,,4,4,100.0,True,True,True,,True
P3W3,205,Lauderhill-Oakland Park,205-FL-Lauderhill-Oakland Park,7.316666666666666,0.320512820512821,98.7341772151899,19.7627460878344,,3,4,75.0,True,True,False,,True
P3W3,2118,Naranja-S. Dixie Hwy,2118-FL-Naranja-S. Dixie Hwy,8.116666666666667,0.341296928327645,100.0,0.0,16.7325428194993,4,5,80.0,True,True,True,False,True
P3W3,2290,Pembroke Pines-N. Flamingo Rd,2290-FL-Pembroke Pines-N. Flamingo Rd,12.583333333333334,0.0,94.4444444444444,0.576258163657318,0.0,4,5,80.0,False,True,True,True,True
P3W3,2497,Royal Palm Beach,2497-FL-Royal Palm Beach,10.233333333333333,1.49253731343284,100.0,0.0,,3,4,75.0,False,True,True,,True
P3W3,2602,Doral-NW 58th St.,2602-FL-Doral-NW 58th St.,8.55,0.0,100.0,0.0,6.85071574642127,4,5,80.0,True,True,True,False,True
P3W3,2627,Hialeah-Hialeah Dr.,2627-FL-Hialeah-Hialeah Dr.,11.183333333333334,0.581395348837209,98.6486486486487,0.0,0.827498408656906,4,5,80.0,False,True,True,True,True
P3W3,2696,West Palm Beach-Okeechobee Blv,2696-FL-West Palm Beach-Okeechobee Blvd,10.816666666666666,0.0,75.0,4.91452991452991,,2,4,50.0,False,False,True,,True
P3W3,2766,Miami-Bird Rd.,2766-FL-Miami-Bird Rd.,8.25,0.0,100.0,0.601926163723917,0.962463907603465,5,5,100.0,True,True,True,True,True
P3W3,2885,Lantana-W. Lantana Rd,2885-FL-Lantana-W. Lantana Rd,8.283333333333333,0.0,94.1176470588235,2.49839846252402,,4,4,100.0,True,True,True,,True
P3W3,2890,Miami-NW 199th St.,2890-FL-Miami-NW 199th St.,10.466666666666667,0.641025641025641,93.3333333333333,0.0,,3,4,75.0,False,True,True,,True
P3W3,2893,Miami-NE Miami Ct. - GK,2893-FL-Miami-NE Miami Ct. - GK,13.433333333333334,2.66666666666667,100.0,0.0,,2,4,50.0,False,True,True,,False
P3W3,2974,Delray Beach-Linton Blvd,2974-FL-Delray Beach-Linton Blvd,12.483333333333333,0.0,88.0952380952381,0.0,0.0,4,5,80.0,False,True,True,True,True
P3W3,2976,Weston-Indian Trace,2976-FL-Weston-Indian Trace,9.616666666666667,0.72992700729927,67.44186046511629,0.0,18.0426098535286,3,5,60.0,True,False,True,False,True
P3W3,3013,Miami-Quail Roost Dr,3013-FL-Miami-Quail Roost Dr,10.55,0.0,98.2456140350877,15.825169555388099,1.78677784395474,3,5,60.0,False,True,False,True,True
P3W3,3200,Jupiter-E Indiantown Rd,3200-FL-Jupiter-E Indiantown Rd,9.166666666666666,0.0,71.4285714285714,8.05234021137393,19.047619047618998,3,5,60.0,True,False,True,False,True
P3W3,346,Miami-Old Cutler Rd,346-FL-Miami-Old Cutler Rd,9.133333333333333,0.5263157894736841,93.3333333333333,0.0,0.671892497200448,5,5,100.0,True,True,True,True,True
P3W3,4032,Miami-NW 7th St.,4032-FL-Miami-NW 7th St.,10.266666666666667,0.0,100.0,0.0,8.021390374331549,3,5,60.0,False,True,True,False,True
P3W3,420,Deerfield Beach,420-FL-Deerfield Beach,15.466666666666667,0.0,100.0,0.0,,3,4,75.0,False,True,True,,True
P3W3,79,Plantation,79-FL-Plantation,9.933333333333334,0.33112582781457,98.7012987012987,5.8666017526777,,4,4,100.0,True,True,True,,True
P3W3,871,Florida City-Dixie Hwy,871-FL-Florida City-Dixie Hwy,10.383333333333333,0.35335689045936397,97.02970297029701,3.38110165696373,,3,4,75.0,False,True,True,,True
P3W3,883,Hallandale Beach-W Hallandale ,883-FL-Hallandale Beach-W Hallandale Beach Blvd,9.9,0.0,100.0,0.9085746734809771,,4,4,100.0,True,True,True,,True
P3W4,1096,Tamarac-N. University Drive,1096-FL-Tamarac-N. University Drive,15.416666666666666,0.0,98.41269841269839,5.6099732858415,0.25023459493274897,4,5,80.0,False,True,True,True,True
P3W4,1167,Pembroke Pines-Pines Blvd,1167-FL-Pembroke Pines-Pines Blvd,11.516666666666667,0.0,100.0,13.826269912834398,0.0,3,5,60.0,False,True,False,True,True
P3W4,1252,Fort Lauderdale-W. Broward Blv,1252-FL-Fort Lauderdale-W. Broward Blvd.,6.366666666666666,0.843881856540084,81.25,24.7542448614835,0.5871725383920511,3,5,60.0,True,False,False,True,True
P3W4,1677,Palmetto Bay- SW 160th St.,1677-FL-Palmetto Bay- SW 160th St.,6.816666666666666,0.641025641025641,98.2456140350877,1.12191473448018,,4,4,100.0,True,True,True,,True
P3W4,1726,Fort Lauderdale-E. Commercial ,1726-FL-Fort Lauderdale-E. Commercial Blvd,7.766666666666667,0.0,100.0,20.9110867178924,,3,4,75.0,True,True,False,,True
P3W4,1771,Miami-SW 152nd St,1771-FL-Miami-SW 152nd St,6.75,0.0,100.0,0.648298217179903,0.0,5,5,100.0,True,True,True,True,True
P3W4,183,Margate-Atlantic,183-FL-Margate-Atlantic,11.466666666666667,0.0,100.0,0.0,0.952380952380952,4,5,80.0,False,True,True,True,True
P3W4,1841,Ft Lauderdale-S Federal Hwy,1841-FL-Ft Lauderdale-S Federal Hwy,6.25,0.0,96.551724137931,5.3126277073968105,2.71317829457364,5,5,100.0,True,True,True,True,True
P3W4,1847,Pompano Beach-N. Federal Hwy,1847-FL-Pompano Beach-N. Federal Hwy,8.916666666666666,0.0,60.0,0.0,0.0,4,5,80.0,True,False,True,True,True
P3W4,1848,Miami-SW 107th Ave,1848-FL-Miami-SW 107th Ave,9.1,0.0,100.0,0.0,3.5398230088495604,5,5,100.0,True,True,True,True,True
P3W4,1864,Hialeah Gardens-W 33rd Ave,1864-FL-Hialeah Gardens-W 33rd Ave,8.05,0.617283950617284,95.8333333333333,0.359242325277596,0.723589001447178,5,5,100.0,True,True,True,True,True
P3W4,1891,Miami-SW 137th Ave,1891-FL-Miami-SW 137th Ave,8.783333333333333,0.0,100.0,4.1015625,3.41701534170153,5,5,100.0,True,True,True,True,True
P3W4,1954,Miami-N Kendall Dr,1954-FL-Miami-N Kendall Dr,6.116666666666666,0.0,100.0,0.0,0.0,5,5,100.0,True,True,True,True,True
P3W4,1972,Miami-Bird Ludlam,1972-FL-Miami-Bird Ludlam,8.416666666666666,0.0,96.6101694915254,0.0,6.662933930571111,4,5,80.0,True,True,True,False,True
P3W4,2013,Palm Springs-S Congress Ave,2013-FL-Palm Springs-S Congress Ave,12.266666666666667,0.72992700729927,98.1481481481482,0.0,,3,4,75.0,False,True,True,,True
P3W4,2042,Miami-W Flagler St,2042-FL-Miami-W Flagler St,7.45,0.588235294117647,100.0,0.286430361618332,1.5661707126076703,5,5,100.0,True,True,True,True,True
P3W4,2048,Coral Springs-Wiles Rd,2048-FL-Coral Springs-Wiles Rd,9.766666666666667,0.8264462809917361,98.75,1.27336765104308,,4,4,100.0,True,True,True,,True
P3W4,205,Lauderhill-Oakland Park,205-FL-Lauderhill-Oakland Park,6.216666666666667,0.0,97.7777777777778,6.2672348959639,,4,4,100.0,True,True,True,,True
P3W4,2118,Naranja-S. Dixie Hwy,2118-FL-Naranja-S. Dixie Hwy,6.866666666666667,0.0,98.9795918367347,0.0,21.3054638797213,4,5,80.0,True,True,True,False,True
P3W4,2290,Pembroke Pines-N. Flamingo Rd,2290-FL-Pembroke Pines-N. Flamingo Rd,14.816666666666666,0.0,94.4444444444444,0.0,9.38375350140056,3,5,60.0,False,True,True,False,True
P3W4,2497,Royal Palm Beach,2497-FL-Royal Palm Beach,9.0,2.2346368715083798,100.0,0.0,,3,4,75.0,True,True,True,,False
P3W4,2602,Doral-NW 58th St.,2602-FL-Doral-NW 58th St.,8.6,0.0,100.0,0.0,,4,4,100.0,True,True,True,,True
P3W4,2627,Hialeah-Hialeah Dr.,2627-FL-Hialeah-Hialeah Dr.,9.366666666666667,0.0,100.0,1.9342359767891701,,4,4,100.0,True,True,True,,True
P3W4,2696,West Palm Beach-Okeechobee Blv,2696-FL-West Palm Beach-Okeechobee Blvd,9.933333333333334,0.0,100.0,3.19659030367608,,4,4,100.0,True,True,True,,True
P3W4,2766,Miami-Bird Rd.,2766-FL-Miami-Bird Rd.,8.416666666666666,0.8,100.0,1.2899896800825599,0.0,5,5,100.0,True,True,True,True,True
P3W4,2885,Lantana-W. Lantana Rd,2885-FL-Lantana-W. Lantana Rd,7.816666666666666,0.0,97.7777777777778,0.0,0.8918617614269789,5,5,100.0,True,True,True,True,True
P3W4,2890,Miami-NW 199th St.,2890-FL-Miami-NW 199th St.,14.233333333333333,0.568181818181818,97.5609756097561,0.0,,3,4,75.0,False,True,True,,True
P3W4,2893,Miami-NE Miami Ct. - GK,2893-FL-Miami-NE Miami Ct. - GK,13.616666666666667,0.0,100.0,0.0,,3,4,75.0,False,True,True,,True
P3W4,2974,Delray Beach-Linton Blvd,2974-FL-Delray Beach-Linton Blvd,12.866666666666667,1.34228187919463,95.7446808510638,0.0,1.65361183637946,4,5,80.0,False,True,True,True,True
P3W4,2976,Weston-Indian Trace,2976-FL-Weston-Indian Trace,10.466666666666667,0.0,88.0,1.43061516452074,1.7578125,4,5,80.0,False,True,True,True,True
P3W4,3013,Miami-Quail Roost Dr,3013-FL-Miami-Quail Roost Dr,9.466666666666667,0.0,98.1818181818182,3.44976282880552,0.81374321880651,5,5,100.0,True,True,True,True,True
P3W4,3200,Jupiter-E Indiantown Rd,3200-FL-Jupiter-E Indiantown Rd,9.233333333333333,1.7699115044247802,84.0,15.6730178242163,,1,4,25.0,True,False,False,,False
P3W4,346,Miami-Old Cutler Rd,346-FL-Miami-Old Cutler Rd,7.933333333333334,0.0,91.56626506024101,8.85245901639344,2.42825607064018,5,5,100.0,True,True,True,True,True
P3W4,4032,Miami-NW 7th St.,4032-FL-Miami-NW 7th St.,8.766666666666667,0.645161290322581,100.0,1.3836042891733,0.334896182183523,5,5,100.0,True,True,True,True,True
P3W4,420,Deerfield Beach,420-FL-Deerfield Beach,9.666666666666666,0.0,95.6521739130435,0.0,1.81159420289855,5,5,100.0,True,True,True,True,True
P3W4,79,Plantation,79-FL-Plantation,9.25,0.0,95.7142857142857,8.49658314350797,0.718132854578097,5,5,100.0,True,True,True,True,True
P3W4,871,Florida City-Dixie Hwy,871-FL-Florida City-Dixie Hwy,10.25,0.0,86.9158878504673,0.0,,3,4,75.0,False,True,True,,True
P3W4,883,Hallandale Beach-W Hallandale ,883-FL-Hallandale Beach-W Hallandale Beach Blvd,8.016666666666667,0.0,100.0,0.0,0.0,5,5,100.0,True,True,True,True,True
P4W1,1096,Tamarac-N. University Drive,1096-FL-Tamarac-N. University Drive,14.266666666666667,0.0,100.0,4.71132897603486,,3,4,75.0,False,True,True,,True
P4W1,1167,Pembroke Pines-Pines Blvd,1167-FL-Pembroke Pines-Pines Blvd,13.0,0.0,100.0,6.000600060006,,3,4,75.0,False,True,True,,True
P4W1,1252,Fort Lauderdale-W. Broward Blv,1252-FL-Fort Lauderdale-W. Broward Blvd.,7.3,0.0,100.0,0.0,0.0,5,5,100.0,True,True,True,True,True
P4W1,1677,Palmetto Bay- SW 160th St.,1677-FL-Palmetto Bay- SW 160th St.,8.033333333333333,0.0,100.0,0.0,,4,4,100.0,True,True,True,,True
P4W1,1726,Fort Lauderdale-E. Commercial ,1726-FL-Fort Lauderdale-E. Commercial Blvd,10.533333333333333,0.0,100.0,1.78062678062678,,3,4,75.0,False,True,True,,True
P4W1,1771,Miami-SW 152nd St,1771-FL-Miami-SW 152nd St,5.8,0.0,100.0,0.0,,4,4,100.0,True,True,True,,True
P4W1,183,Margate-Atlantic,183-FL-Margate-Atlantic,14.05,0.0,72.4137931034483,2.17335058214748,,2,4,50.0,False,False,True,,True
P4W1,1841,Ft Lauderdale-S Federal Hwy,1841-FL-Ft Lauderdale-S Federal Hwy,6.033333333333333,0.0,100.0,2.25133033155956,1.71339563862928,5,5,100.0,True,True,True,True,True
P4W1,1847,Pompano Beach-N. Federal Hwy,1847-FL-Pompano Beach-N. Federal Hwy,10.283333333333333,0.0,65.2173913043478,2.4519049415314997,,2,4,50.0,False,False,True,,True
P4W1,1848,Miami-SW 107th Ave,1848-FL-Miami-SW 107th Ave,8.5,0.0,100.0,0.0,,4,4,100.0,True,True,True,,True
P4W1,1864,Hialeah Gardens-W 33rd Ave,1864-FL-Hialeah Gardens-W 33rd Ave,7.316666666666666,0.0,95.5555555555556,0.0,0.0,5,5,100.0,True,True,True,True,True
P4W1,1891,Miami-SW 137th Ave,1891-FL-Miami-SW 137th Ave,8.766666666666667,0.0,96.6666666666667,0.0,,4,4,100.0,True,True,True,,True
P4W1,1954,Miami-N Kendall Dr,1954-FL-Miami-N Kendall Dr,5.666666666666667,0.0,100.0,0.0,0.07267441860465121,5,5,100.0,True,True,True,True,True
P4W1,1972,Miami-Bird Ludlam,1972-FL-Miami-Bird Ludlam,7.466666666666667,0.0,100.0,0.0,6.385696040868449,4,5,80.0,True,True,True,False,True
P4W1,2013,Palm Springs-S Congress Ave,2013-FL-Palm Springs-S Congress Ave,12.566666666666666,0.0,100.0,0.0,,3,4,75.0,False,True,True,,True
P4W1,2042,Miami-W Flagler St,2042-FL-Miami-W Flagler St,6.833333333333333,0.0,97.2972972972973,1.8860807242550002,9.18287937743191,4,5,80.0,True,True,True,False,True
P4W1,2048,Coral Springs-Wiles Rd,2048-FL-Coral Springs-Wiles Rd,7.7,0.0,97.1428571428571,3.82077110107676,,4,4,100.0,True,True,True,,True
P4W1,205,Lauderhill-Oakland Park,205-FL-Lauderhill-Oakland Park,6.966666666666667,0.0,97.8723404255319,0.0,,4,4,100.0,True,True,True,,True
P4W1,2118,Naranja-S. Dixie Hwy,2118-FL-Naranja-S. Dixie Hwy,6.233333333333333,0.0,100.0,0.0,9.51957295373665,4,5,80.0,True,True,True,False,True
P4W1,2290,Pembroke Pines-N. Flamingo Rd,2290-FL-Pembroke Pines-N. Flamingo Rd,9.566666666666666,0.0,100.0,0.0,3.13167259786477,5,5,100.0,True,True,True,True,True
P4W1,2497,Royal Palm Beach,2497-FL-Royal Palm Beach,10.083333333333334,0.0,100.0,0.0,,3,4,75.0,False,True,True,,True
P4W1,2602,Doral-NW 58th St.,2602-FL-Doral-NW 58th St.,8.833333333333334,0.0,100.0,5.19031141868512,,4,4,100.0,True,True,True,,True
P4W1,2627,Hialeah-Hialeah Dr.,2627-FL-Hialeah-Hialeah Dr.,8.766666666666667,0.0,100.0,0.0,3.03921568627451,5,5,100.0,True,True,True,True,True
P4W1,2696,West Palm Beach-Okeechobee Blv,2696-FL-West Palm Beach-Okeechobee Blvd,10.283333333333333,0.0,100.0,2.06388206388206,0.0,4,5,80.0,False,True,True,True,True
P4W1,2766,Miami-Bird Rd.,2766-FL-Miami-Bird Rd.,8.7,0.0,100.0,0.0,0.0,5,5,100.0,True,True,True,True,True
P4W1,2885,Lantana-W. Lantana Rd,2885-FL-Lantana-W. Lantana Rd,7.783333333333333,0.0,96.49122807017541,0.0,,4,4,100.0,True,True,True,,True
P4W1,2890,Miami-NW 199th St.,2890-FL-Miami-NW 199th St.,12.216666666666667,0.0,98.03921568627449,0.190839694656489,0.0,4,5,80.0,False,True,True,True,True
P4W1,2893,Miami-NE Miami Ct. - GK,2893-FL-Miami-NE Miami Ct. - GK,9.816666666666666,0.0,100.0,0.0,1.2831479897348201,5,5,100.0,True,True,True,True,True
P4W1,2974,Delray Beach-Linton Blvd,2974-FL-Delray Beach-Linton Blvd,9.5,0.0,95.0,0.0,1.46726862302483,5,5,100.0,True,True,True,True,True
P4W1,2976,Weston-Indian Trace,2976-FL-Weston-Indian Trace,10.716666666666667,0.0,87.1794871794872,0.0,0.0,4,5,80.0,False,True,True,True,True
P4W1,3013,Miami-Quail Roost Dr,3013-FL-Miami-Quail Roost Dr,11.133333333333333,0.0,100.0,0.7295719844357981,3.7719298245614,4,5,80.0,False,True,True,True,True
P4W1,3200,Jupiter-E Indiantown Rd,3200-FL-Jupiter-E Indiantown Rd,10.366666666666667,0.0,84.6153846153846,14.773306164034599,,1,4,25.0,False,False,False,,True
P4W1,3317,Boca Raton-Glades Road,3317-FL-Boca Raton-Glades Road,12.95,0.0,92.1875,11.417475728155301,1.38976626658244,3,5,60.0,False,True,False,True,True
P4W1,346,Miami-Old Cutler Rd,346-FL-Miami-Old Cutler Rd,8.316666666666666,0.0,100.0,15.8156028368794,1.02098695405559,4,5,80.0,True,True,False,True,True
P4W1,4032,Miami-NW 7th St.,4032-FL-Miami-NW 7th St.,9.833333333333334,0.0,100.0,0.0,,4,4,100.0,True,True,True,,True
P4W1,420,Deerfield Beach,420-FL-Deerfield Beach,8.466666666666667,0.0,100.0,0.0,,4,4,100.0,True,True,True,,True
P4W1,79,Plantation,79-FL-Plantation,8.516666666666667,0.0,95.0,5.81785634370105,0.647458724506313,5,5,100.0,True,True,True,True,True
P4W1,871,Florida City-Dixie Hwy,871-FL-Florida City-Dixie Hwy,7.8,0.0,89.24731182795699,2.51553714116603,0.0,5,5,100.0,True,True,True,True,True
P4W1,883,Hallandale Beach-W Hallandale ,883-FL-Hallandale Beach-W Hallandale Beach Blvd,10.1,0.0,100.0,0.0,,3,4,75.0,False,True,True,,True
P4W2,1096,Tamarac-N. University Drive,1096-FL-Tamarac-N. University Drive,15.766666666666667,0.0,100.0,3.62167795726941,,3,4,75.0,False,True,True,,True
P4W2,1167,Pembroke Pines-Pines Blvd,1167-FL-Pembroke Pines-Pines Blvd,21.033333333333335,0.0,100.0,3.5588752196836597,,3,4,75.0,False,True,True,,True
P4W2,1252,Fort Lauderdale-W. Broward Blv,1252-FL-Fort Lauderdale-W. Broward Blvd.,9.1,0.0,100.0,0.0,2.79485746226942,5,5,100.0,True,True,True,True,True
P4W2,1677,Palmetto Bay- SW 160th St.,1677-FL-Palmetto Bay- SW 160th St.,7.966666666666667,0.0,98.27586206896551,0.0,0.0,5,5,100.0,True,True,True,True,True
P4W2,1726,Fort Lauderdale-E. Commercial ,1726-FL-Fort Lauderdale-E. Commercial Blvd,9.116666666666667,0.0,100.0,4.53648915187377,,4,4,100.0,True,True,True,,True
P4W2,1771,Miami-SW 152nd St,1771-FL-Miami-SW 152nd St,6.2,0.0,100.0,0.0269759913676828,,4,4,100.0,True,True,True,,True
P4W2,183,Margate-Atlantic,183-FL-Margate-Atlantic,16.666666666666668,0.0,80.2631578947368,0.245338567222767,,2,4,50.0,False,False,True,,True
P4W2,1841,Ft Lauderdale-S Federal Hwy,1841-FL-Ft Lauderdale-S Federal Hwy,7.033333333333333,0.0,95.0,0.0,,4,4,100.0,True,True,True,,True
P4W2,1847,Pompano Beach-N. Federal Hwy,1847-FL-Pompano Beach-N. Federal Hwy,9.083333333333334,0.0,66.6666666666667,0.0,1.52456239412761,4,5,80.0,True,False,True,True,True
P4W2,1848,Miami-SW 107th Ave,1848-FL-Miami-SW 107th Ave,8.783333333333333,0.0,100.0,0.0,,4,4,100.0,True,True,True,,True
P4W2,1864,Hialeah Gardens-W 33rd Ave,1864-FL-Hialeah Gardens-W 33rd Ave,8.15,0.0,98.0,0.7990529742527369,0.9675190048375949,5,5,100.0,True,True,True,True,True
P4W2,1891,Miami-SW 137th Ave,1891-FL-Miami-SW 137th Ave,8.616666666666667,0.0,100.0,0.30978934324659196,,4,4,100.0,True,True,True,,True
P4W2,1954,Miami-N Kendall Dr,1954-FL-Miami-N Kendall Dr,7.433333333333334,0.0,100.0,0.7265329845975009,1.0071942446043198,5,5,100.0,True,True,True,True,True
P4W2,1972,Miami-Bird Ludlam,1972-FL-Miami-Bird Ludlam,8.033333333333333,0.0,100.0,0.0,11.2378779235596,4,5,80.0,True,True,True,False,True
P4W2,2013,Palm Springs-S Congress Ave,2013-FL-Palm Springs-S Congress Ave,10.383333333333333,0.0,100.0,0.0,,3,4,75.0,False,True,True,,True
P4W2,2042,Miami-W Flagler St,2042-FL-Miami-W Flagler St,8.85,0.0,100.0,0.0,1.04961832061069,5,5,100.0,True,True,True,True,True
P4W2,2048,Coral Springs-Wiles Rd,2048-FL-Coral Springs-Wiles Rd,10.216666666666667,0.0,96.2025316455696,0.358225406448057,,3,4,75.0,False,True,True,,True
P4W2,205,Lauderhill-Oakland Park,205-FL-Lauderhill-Oakland Park,6.85,0.0,100.0,1.3139371187236,,4,4,100.0,True,True,True,,True
P4W2,2118,Naranja-S. Dixie Hwy,2118-FL-Naranja-S. Dixie Hwy,11.4,0.0,100.0,0.0,16.1490683229814,3,5,60.0,False,True,True,False,True
P4W2,2290,Pembroke Pines-N. Flamingo Rd,2290-FL-Pembroke Pines-N. Flamingo Rd,9.716666666666667,0.0,100.0,1.9880715705765402,6.2138728323699395,4,5,80.0,True,True,True,False,True
P4W2,2497,Royal Palm Beach,2497-FL-Royal Palm Beach,7.966666666666667,0.0,100.0,0.0,,4,4,100.0,True,True,True,,True
P4W2,2602,Doral-NW 58th St.,2602-FL-Doral-NW 58th St.,9.116666666666667,0.0,100.0,1.15118956254797,0.0,5,5,100.0,True,True,True,True,True
P4W2,2627,Hialeah-Hialeah Dr.,2627-FL-Hialeah-Hialeah Dr.,8.883333333333333,0.0,100.0,0.0,,4,4,100.0,True,True,True,,True
P4W2,2696,West Palm Beach-Okeechobee Blv,2696-FL-West Palm Beach-Okeechobee Blvd,10.883333333333333,0.0,93.75,4.829965500246431,0.797448165869218,4,5,80.0,False,True,True,True,True
P4W2,2766,Miami-Bird Rd.,2766-FL-Miami-Bird Rd.,8.966666666666667,0.0,100.0,0.381497377205532,,4,4,100.0,True,True,True,,True
P4W2,2885,Lantana-W. Lantana Rd,2885-FL-Lantana-W. Lantana Rd,7.5,0.0,100.0,1.68612191958495,,4,4,100.0,True,True,True,,True
P4W2,2890,Miami-NW 199th St.,2890-FL-Miami-NW 199th St.,19.216666666666665,0.0,100.0,0.0,,3,4,75.0,False,True,True,,True
P4W2,2893,Miami-NE Miami Ct. - GK,2893-FL-Miami-NE Miami Ct. - GK,10.366666666666667,0.0,100.0,0.0,,3,4,75.0,False,True,True,,True
P4W2,2974,Delray Beach-Linton Blvd,2974-FL-Delray Beach-Linton Blvd,11.133333333333333,0.0,94.8275862068966,0.0,0.743801652892562,4,5,80.0,False,True,True,True,True
P4W2,2976,Weston-Indian Trace,2976-FL-Weston-Indian Trace,10.866666666666667,0.0,66.6666666666667,0.0,3.34975369458128,3,5,60.0,False,False,True,True,True
P4W2,3013,Miami-Quail Roost Dr,3013-FL-Miami-Quail Roost Dr,9.75,0.0,94.59459459459461,5.6886227544910195,0.940733772342427,5,5,100.0,True,True,True,True,True
P4W2,3200,Jupiter-E Indiantown Rd,3200-FL-Jupiter-E Indiantown Rd,9.983333333333333,0.0,92.8571428571429,2.29885057471264,,4,4,100.0,True,True,True,,True
P4W2,3317,Boca Raton-Glades Road,3317-FL-Boca Raton-Glades Road,10.966666666666667,0.0,84.9056603773585,1.94029850746269,3.16409124356144,3,5,60.0,False,False,True,True,True
P4W2,346,Miami-Old Cutler Rd,346-FL-Miami-Old Cutler Rd,10.45,0.0,100.0,1.7401392111368899,,3,4,75.0,False,True,True,,True
P4W2,4032,Miami-NW 7th St.,4032-FL-Miami-NW 7th St.,9.633333333333333,0.0,100.0,0.0,2.07956600361664,5,5,100.0,True,True,True,True,True
P4W2,420,Deerfield Beach,420-FL-Deerfield Beach,13.216666666666667,0.0,100.0,0.0,,3,4,75.0,False,True,True,,True
P4W2,79,Plantation,79-FL-Plantation,9.433333333333334,0.0,74.7572815533981,7.23025583982203,1.0302197802197801,4,5,80.0,True,False,True,True,True
P4W2,871,Florida City-Dixie Hwy,871-FL-Florida City-Dixie Hwy,8.516666666666667,0.0,93.10344827586209,3.10978907517577,,4,4,100.0,True,True,True,,True
P4W2,883,Hallandale Beach-W Hallandale ,883-FL-Hallandale Beach-W Hallandale Beach Blvd,9.516666666666667,0.0,100.0,0.0,,4,4,100.0,True,True,True,,True
P4W3,1096,Tamarac-N. University Drive,1096-FL-Tamarac-N. University Drive,17.383333333333333,0.0,93.5483870967742,0.0,,3,4,75.0,False,True,True,,True
P4W3,1167,Pembroke Pines-Pines Blvd,1167-FL-Pembroke Pines-Pines Blvd,24.716666666666665,0.0,63.8297872340426,5.13468013468013,5.40990428630878,2,5,40.0,False,False,True,False,True
P4W3,1252,Fort Lauderdale-W. Broward Blv,1252-FL-Fort Lauderdale-W. Broward Blvd.,7.866666666666667,0.0,98.780487804878,0.0,,4,4,100.0,True,True,True,,True
P4W3,1677,Palmetto Bay- SW 160th St.,1677-FL-Palmetto Bay- SW 160th St.,7.733333333333333,0.0,98.0,0.0,,4,4,100.0,True,True,True,,True
P4W3,1726,Fort Lauderdale-E. Commercial ,1726-FL-Fort Lauderdale-E. Commercial Blvd,9.166666666666666,0.0,100.0,1.00502512562814,,4,4,100.0,True,True,True,,True
P4W3,1771,Miami-SW 152nd St,1771-FL-Miami-SW 152nd St,9.216666666666667,0.0,98.3050847457627,0.0,,4,4,100.0,True,True,True,,True
P4W3,183,Margate-Atlantic,183-FL-Margate-Atlantic,16.383333333333333,0.0,61.0,0.789889415481832,,2,4,50.0,False,False,True,,True
P4W3,1841,Ft Lauderdale-S Federal Hwy,1841-FL-Ft Lauderdale-S Federal Hwy,8.816666666666666,0.0,92.3076923076923,2.24398204814361,3.1294452347083896,5,5,100.0,True,True,True,True,True
P4W3,1847,Pompano Beach-N. Federal Hwy,1847-FL-Pompano Beach-N. Federal Hwy,9.233333333333333,0.0,71.73913043478261,1.12697220135237,1.92061459667093,4,5,80.0,True,False,True,True,True
P4W3,1848,Miami-SW 107th Ave,1848-FL-Miami-SW 107th Ave,7.683333333333334,0.0,100.0,2.80898876404494,,4,4,100.0,True,True,True,,True
P4W3,1864,Hialeah Gardens-W 33rd Ave,1864-FL-Hialeah Gardens-W 33rd Ave,8.266666666666667,0.0,95.7446808510638,0.944287063267233,0.0,5,5,100.0,True,True,True,True,True
P4W3,1891,Miami-SW 137th Ave,1891-FL-Miami-SW 137th Ave,8.066666666666666,0.0,100.0,0.0,,4,4,100.0,True,True,True,,True
P4W3,1954,Miami-N Kendall Dr,1954-FL-Miami-N Kendall Dr,9.55,0.0,100.0,0.147094876195146,0.347826086956522,5,5,100.0,True,True,True,True,True
P4W3,1972,Miami-Bird Ludlam,1972-FL-Miami-Bird Ludlam,8.483333333333333,0.0,100.0,1.6097077761268002,11.4663726571114,4,5,80.0,True,True,True,False,True
P4W3,2013,Palm Springs-S Congress Ave,2013-FL-Palm Springs-S Congress Ave,11.533333333333333,0.0,100.0,0.0,,3,4,75.0,False,True,True,,True
P4W3,2042,Miami-W Flagler St,2042-FL-Miami-W Flagler St,8.983333333333333,0.0,100.0,0.0,,4,4,100.0,True,True,True,,True
P4W3,2048,Coral Springs-Wiles Rd,2048-FL-Coral Springs-Wiles Rd,11.133333333333333,0.0,97.5903614457831,5.19357884796978,,3,4,75.0,False,True,True,,True
P4W3,205,Lauderhill-Oakland Park,205-FL-Lauderhill-Oakland Park,7.366666666666666,0.0,100.0,2.7361408517725403,,4,4,100.0,True,True,True,,True
P4W3,2118,Naranja-S. Dixie Hwy,2118-FL-Naranja-S. Dixie Hwy,9.583333333333334,0.0,,0.0,,3,3,100.0,True,,True,,True
P4W3,2290,Pembroke Pines-N. Flamingo Rd,2290-FL-Pembroke Pines-N. Flamingo Rd,12.466666666666667,0.0,96.969696969697,0.47489823609226606,2.41228070175439,4,5,80.0,False,True,True,True,True
P4W3,2497,Royal Palm Beach,2497-FL-Royal Palm Beach,9.1,0.0,100.0,0.0,,4,4,100.0,True,True,True,,True
P4W3,2602,Doral-NW 58th St.,2602-FL-Doral-NW 58th St.,10.066666666666666,0.0,100.0,1.4492753623188401,0.0,4,5,80.0,False,True,True,True,True
P4W3,2627,Hialeah-Hialeah Dr.,2627-FL-Hialeah-Hialeah Dr.,9.1,0.0,100.0,0.0,,4,4,100.0,True,True,True,,True
P4W3,2696,West Palm Beach-Okeechobee Blv,2696-FL-West Palm Beach-Okeechobee Blvd,11.85,0.0,91.8918918918919,6.05794556628622,0.0,4,5,80.0,False,True,True,True,True
P4W3,2766,Miami-Bird Rd.,2766-FL-Miami-Bird Rd.,8.466666666666667,0.0,100.0,0.0,0.0,5,5,100.0,True,True,True,True,True
P4W3,2885,Lantana-W. Lantana Rd,2885-FL-Lantana-W. Lantana Rd,9.7,0.0,93.4782608695652,2.8372591006423997,,4,4,100.0,True,True,True,,True
P4W3,2890,Miami-NW 199th St.,2890-FL-Miami-NW 199th St.,15.433333333333334,0.921658986175115,100.0,5.74028701435072,,3,4,75.0,False,True,True,,True
P4W3,2893,Miami-NE Miami Ct. - GK,2893-FL-Miami-NE Miami Ct. - GK,10.7,0.0,100.0,0.0,,3,4,75.0,False,True,True,,True
P4W3,2974,Delray Beach-Linton Blvd,2974-FL-Delray Beach-Linton Blvd,11.083333333333334,0.0,98.0,2.32459847844463,,3,4,75.0,False,True,True,,True
P4W3,3013,Miami-Quail Roost Dr,3013-FL-Miami-Quail Roost Dr,11.266666666666667,0.0,100.0,3.7158984007525904,0.0,4,5,80.0,False,True,True,True,True
P4W3,3200,Jupiter-E Indiantown Rd,3200-FL-Jupiter-E Indiantown Rd,8.566666666666666,0.0,96.875,0.0,0.0,5,5,100.0,True,True,True,True,True
P4W3,3317,Boca Raton-Glades Road,3317-FL-Boca Raton-Glades Road,10.466666666666667,0.0,86.53846153846149,13.453741245853301,0.0,3,5,60.0,False,True,False,True,True
P4W3,346,Miami-Old Cutler Rd,346-FL-Miami-Old Cutler Rd,8.466666666666667,0.0,98.3333333333333,2.27272727272727,2.1658415841584198,5,5,100.0,True,True,True,True,True
P4W3,4032,Miami-NW 7th St.,4032-FL-Miami-NW 7th St.,10.333333333333334,0.0,100.0,0.0,0.0,4,5,80.0,False,True,True,True,True
P4W3,420,Deerfield Beach,420-FL-Deerfield Beach,6.933333333333334,0.0,89.74358974358971,0.943841434638981,,4,4,100.0,True,True,True,,True
P4W3,79,Plantation,79-FL-Plantation,11.8,0.0,98.7179487179487,25.462521457180998,6.44668499847235,2,5,40.0,False,True,False,False,True
P4W3,871,Florida City-Dixie Hwy,871-FL-Florida City-Dixie Hwy,7.75,0.0,100.0,0.0,,4,4,100.0,True,True,True,,True
P4W3,883,Hallandale Beach-W Hallandale ,883-FL-Hallandale Beach-W Hallandale Beach Blvd,9.333333333333334,0.0,100.0,3.00168634064081,,4,4,100.0,True,True,True,,True
P4W4,1096,Tamarac-N. University Drive,1096-FL-Tamarac-N. University Drive,22.816666666666666,0.0,98.3050847457627,4.91689750692521,,3,4,75.0,False,True,True,,True
P4W4,1167,Pembroke Pines-Pines Blvd,1167-FL-Pembroke Pines-Pines Blvd,22.733333333333334,0.0,75.7142857142857,13.100827185334198,0.43720190779014295,2,5,40.0,False,False,False,True,True
P4W4,1252,Fort Lauderdale-W. Broward Blv,1252-FL-Fort Lauderdale-W. Broward Blvd.,8.533333333333333,0.0,88.1720430107527,1.95286195286195,,4,4,100.0,True,True,True,,True
P4W4,1677,Palmetto Bay- SW 160th St.,1677-FL-Palmetto Bay- SW 160th St.,8.116666666666667,0.0,100.0,0.0,5.3970701619121,4,5,80.0,True,True,True,False,True
P4W4,1726,Fort Lauderdale-E. Commercial ,1726-FL-Fort Lauderdale-E. Commercial Blvd,9.566666666666666,0.0,100.0,1.35013501350135,,4,4,100.0,True,True,True,,True
P4W4,1771,Miami-SW 152nd St,1771-FL-Miami-SW 152nd St,7.466666666666667,0.0,98.27586206896551,1.2296444001329299,0.202839756592292,5,5,100.0,True,True,True,True,True
P4W4,183,Margate-Atlantic,183-FL-Margate-Atlantic,14.066666666666666,0.0,73.4939759036145,0.28768699654775604,,2,4,50.0,False,False,True,,True
P4W4,1841,Ft Lauderdale-S Federal Hwy,1841-FL-Ft Lauderdale-S Federal Hwy,8.516666666666667,0.0,97.7777777777778,1.46359312111233,0.580130529369108,5,5,100.0,True,True,True,True,True
P4W4,1847,Pompano Beach-N. Federal Hwy,1847-FL-Pompano Beach-N. Federal Hwy,9.916666666666666,0.0,90.4761904761905,0.0,1.55183116076971,5,5,100.0,True,True,True,True,True
P4W4,1848,Miami-SW 107th Ave,1848-FL-Miami-SW 107th Ave,8.183333333333334,0.0,100.0,0.0,2.28215767634855,5,5,100.0,True,True,True,True,True
P4W4,1864,Hialeah Gardens-W 33rd Ave,1864-FL-Hialeah Gardens-W 33rd Ave,8.483333333333333,0.0,94.0,0.40860800871697106,0.981033355134074,5,5,100.0,True,True,True,True,True
P4W4,1891,Miami-SW 137th Ave,1891-FL-Miami-SW 137th Ave,7.416666666666667,0.0,100.0,0.0,6.33223684210526,4,5,80.0,True,True,True,False,True
P4W4,1954,Miami-N Kendall Dr,1954-FL-Miami-N Kendall Dr,6.733333333333333,0.0,100.0,0.478468899521531,0.374331550802139,5,5,100.0,True,True,True,True,True
P4W4,1972,Miami-Bird Ludlam,1972-FL-Miami-Bird Ludlam,7.3,0.0,100.0,0.907911802853437,7.7818627450980395,4,5,80.0,True,True,True,False,True
P4W4,2013,Palm Springs-S Congress Ave,2013-FL-Palm Springs-S Congress Ave,15.816666666666666,0.0,100.0,0.0,,3,4,75.0,False,True,True,,True
P4W4,2042,Miami-W Flagler St,2042-FL-Miami-W Flagler St,9.5,0.0,100.0,0.451807228915663,,4,4,100.0,True,True,True,,True
P4W4,2048,Coral Springs-Wiles Rd,2048-FL-Coral Springs-Wiles Rd,9.75,0.0,97.0588235294118,0.0,,4,4,100.0,True,True,True,,True
P4W4,205,Lauderhill-Oakland Park,205-FL-Lauderhill-Oakland Park,6.416666666666667,0.0,100.0,12.629501726689698,,3,4,75.0,True,True,False,,True
P4W4,2118,Naranja-S. Dixie Hwy,2118-FL-Naranja-S. Dixie Hwy,8.983333333333333,0.0,,0.0,,3,3,100.0,True,,True,,True
P4W4,2290,Pembroke Pines-N. Flamingo Rd,2290-FL-Pembroke Pines-N. Flamingo Rd,13.066666666666666,0.0,95.2380952380952,0.0,4.002582311168499,4,5,80.0,False,True,True,True,True
P4W4,2497,Royal Palm Beach,2497-FL-Royal Palm Beach,12.25,0.0,100.0,0.0,,3,4,75.0,False,True,True,,True
P4W4,2602,Doral-NW 58th St.,2602-FL-Doral-NW 58th St.,10.466666666666667,0.0,100.0,0.0,,3,4,75.0,False,True,True,,True
P4W4,2627,Hialeah-Hialeah Dr.,2627-FL-Hialeah-Hialeah Dr.,10.016666666666667,0.0,100.0,0.0,,3,4,75.0,False,True,True,,True
P4W4,2696,West Palm Beach-Okeechobee Blv,2696-FL-West Palm Beach-Okeechobee Blvd,12.933333333333334,0.0,80.48780487804879,6.10589239965841,0.0,3,5,60.0,False,False,True,True,True
P4W4,2766,Miami-Bird Rd.,2766-FL-Miami-Bird Rd.,8.8,0.0,100.0,0.0,,4,4,100.0,True,True,True,,True
P4W4,2885,Lantana-W. Lantana Rd,2885-FL-Lantana-W. Lantana Rd,8.3,0.0,97.9591836734694,0.0,1.02249488752556,5,5,100.0,True,True,True,True,True
P4W4,2890,Miami-NW 199th St.,2890-FL-Miami-NW 199th St.,14.616666666666667,0.0,96.2264150943396,0.0,,3,4,75.0,False,True,True,,True
P4W4,2893,Miami-NE Miami Ct. - GK,2893-FL-Miami-NE Miami Ct. - GK,16.183333333333334,0.0,100.0,0.0,,3,4,75.0,False,True,True,,True
P4W4,2974,Delray Beach-Linton Blvd,2974-FL-Delray Beach-Linton Blvd,11.533333333333333,0.0,95.91836734693881,5.1607780865422805,,3,4,75.0,False,True,True,,True
P4W4,3013,Miami-Quail Roost Dr,3013-FL-Miami-Quail Roost Dr,9.4,0.0,100.0,0.451807228915663,0.0,5,5,100.0,True,True,True,True,True
P4W4,3200,Jupiter-E Indiantown Rd,3200-FL-Jupiter-E Indiantown Rd,10.533333333333333,0.0,94.4444444444444,3.6800785083415097,,3,4,75.0,False,True,True,,True
P4W4,3317,Boca Raton-Glades Road,3317-FL-Boca Raton-Glades Road,10.133333333333333,0.0,78.46153846153851,21.7741935483871,6.98455339153795,1,5,20.0,False,False,False,False,True
P4W4,346,Miami-Old Cutler Rd,346-FL-Miami-Old Cutler Rd,8.233333333333333,0.0,100.0,7.88072417465389,,4,4,100.0,True,True,True,,True
P4W4,4032,Miami-NW 7th St.,4032-FL-Miami-NW 7th St.,10.983333333333333,0.0,100.0,0.628514720476348,,3,4,75.0,False,True,True,,True
P4W4,420,Deerfield Beach,420-FL-Deerfield Beach,9.916666666666666,0.0,92.5,0.0,,4,4,100.0,True,True,True,,True
P4W4,79,Plantation,79-FL-Plantation,10.9,0.0,100.0,15.1010951979781,,2,4,50.0,False,True,False,,True
P4W4,871,Florida City-Dixie Hwy,871-FL-Florida City-Dixie Hwy,9.316666666666666,0.0,97.9591836734694,0.657254138266797,5.2726453357368195,4,5,80.0,True,True,True,False,True
P4W4,883,Hallandale Beach-W Hallandale ,883-FL-Hallandale Beach-W Hallandale Beach Blvd,9.366666666666667,0.0,100.0,0.0,,4,4,100.0,True,True,True,,True
P5W1,1096,Tamarac-N. University Drive,1096-FL-Tamarac-N. University Drive,15.633333333333333,0.0,92.7272727272727,1.32978723404255,0.573951434878587,4,5,80.0,False,True,True,True,True
P5W1,1167,Pembroke Pines-Pines Blvd,1167-FL-Pembroke Pines-Pines Blvd,25.333333333333332,0.0,92.9577464788732,0.0,0.0,4,5,80.0,False,True,True,True,True
P5W1,1252,Fort Lauderdale-W. Broward Blv,1252-FL-Fort Lauderdale-W. Broward Blvd.,8.233333333333333,0.7246376811594201,81.73913043478261,0.0,2.84552845528455,4,5,80.0,True,False,True,True,True
P5W1,1677,Palmetto Bay- SW 160th St.,1677-FL-Palmetto Bay- SW 160th St.,7.166666666666667,0.0,93.4782608695652,0.6260434056761269,,4,4,100.0,True,True,True,,True
P5W1,1726,Fort Lauderdale-E. Commercial ,1726-FL-Fort Lauderdale-E. Commercial Blvd,10.766666666666667,0.0,100.0,0.0,,3,4,75.0,False,True,True,,True
P5W1,1771,Miami-SW 152nd St,1771-FL-Miami-SW 152nd St,5.9,0.546448087431694,100.0,0.0,1.4265335235378,5,5,100.0,True,True,True,True,True
P5W1,183,Margate-Atlantic,183-FL-Margate-Atlantic,14.616666666666667,0.662251655629139,75.2688172043011,1.19932837610938,,2,4,50.0,False,False,True,,True
P5W1,1841,Ft Lauderdale-S Federal Hwy,1841-FL-Ft Lauderdale-S Federal Hwy,9.25,0.5847953216374271,97.4358974358974,1.1590003621876102,,4,4,100.0,True,True,True,,True
P5W1,1847,Pompano Beach-N. Federal Hwy,1847-FL-Pompano Beach-N. Federal Hwy,8.816666666666666,0.0,60.377358490566,0.0,1.5862068965517202,4,5,80.0,True,False,True,True,True
P5W1,1848,Miami-SW 107th Ave,1848-FL-Miami-SW 107th Ave,8.6,0.7246376811594201,100.0,0.0,,4,4,100.0,True,True,True,,True
P5W1,1864,Hialeah Gardens-W 33rd Ave,1864-FL-Hialeah Gardens-W 33rd Ave,8.466666666666667,0.483091787439614,97.5609756097561,0.633484162895928,0.0,5,5,100.0,True,True,True,True,True
P5W1,1891,Miami-SW 137th Ave,1891-FL-Miami-SW 137th Ave,7.733333333333333,0.0,100.0,0.434637245068539,,4,4,100.0,True,True,True,,True
P5W1,1954,Miami-N Kendall Dr,1954-FL-Miami-N Kendall Dr,7.916666666666667,0.0,100.0,0.0,3.8820638820638798,5,5,100.0,True,True,True,True,True
P5W1,1972,Miami-Bird Ludlam,1972-FL-Miami-Bird Ludlam,9.683333333333334,0.0,100.0,0.0,3.9570102589154903,5,5,100.0,True,True,True,True,True
P5W1,2013,Palm Springs-S Congress Ave,2013-FL-Palm Springs-S Congress Ave,15.633333333333333,0.0,100.0,0.0,,3,4,75.0,False,True,True,,True
P5W1,2042,Miami-W Flagler St,2042-FL-Miami-W Flagler St,8.733333333333333,0.0,100.0,0.9121313469139559,,4,4,100.0,True,True,True,,True
P5W1,2048,Coral Springs-Wiles Rd,2048-FL-Coral Springs-Wiles Rd,9.866666666666667,0.809716599190283,95.8333333333333,1.26519474075912,,4,4,100.0,True,True,True,,True
P5W1,205,Lauderhill-Oakland Park,205-FL-Lauderhill-Oakland Park,5.933333333333334,0.634920634920635,100.0,16.958083832335298,,3,4,75.0,True,True,False,,True
P5W1,2118,Naranja-S. Dixie Hwy,2118-FL-Naranja-S. Dixie Hwy,7.283333333333333,0.334448160535117,,0.0,,3,3,100.0,True,,True,,True
P5W1,2290,Pembroke Pines-N. Flamingo Rd,2290-FL-Pembroke Pines-N. Flamingo Rd,14.366666666666667,0.0,94.28571428571429,0.0,4.55927051671733,4,5,80.0,False,True,True,True,True
P5W1,2497,Royal Palm Beach,2497-FL-Royal Palm Beach,12.433333333333334,0.476190476190476,100.0,0.0,,3,4,75.0,False,True,True,,True
P5W1,2602,Doral-NW 58th St.,2602-FL-Doral-NW 58th St.,13.583333333333334,2.8169014084507,100.0,0.0,,2,4,50.0,False,True,True,,False
P5W1,2627,Hialeah-Hialeah Dr.,2627-FL-Hialeah-Hialeah Dr.,7.716666666666667,0.0,100.0,0.0,,4,4,100.0,True,True,True,,True
P5W1,2696,West Palm Beach-Okeechobee Blv,2696-FL-West Palm Beach-Okeechobee Blvd,10.066666666666666,0.617283950617284,100.0,4.35979807251033,0.0,4,5,80.0,False,True,True,True,True
P5W1,2766,Miami-Bird Rd.,2766-FL-Miami-Bird Rd.,9.35,0.0,100.0,0.0,,4,4,100.0,True,True,True,,True
P5W1,2885,Lantana-W. Lantana Rd,2885-FL-Lantana-W. Lantana Rd,7.333333333333333,0.0,95.5555555555556,5.13992004568818,0.0,5,5,100.0,True,True,True,True,True
P5W1,2890,Miami-NW 199th St.,2890-FL-Miami-NW 199th St.,11.183333333333334,0.0,100.0,0.0,,3,4,75.0,False,True,True,,True
P5W1,2893,Miami-NE Miami Ct. - GK,2893-FL-Miami-NE Miami Ct. - GK,10.866666666666667,1.19047619047619,100.0,0.0,,3,4,75.0,False,True,True,,True
P5W1,2974,Delray Beach-Linton Blvd,2974-FL-Delray Beach-Linton Blvd,9.583333333333334,0.0,92.156862745098,1.7167381974248899,0.0,5,5,100.0,True,True,True,True,True
P5W1,2976,Weston-Indian Trace,2976-FL-Weston-Indian Trace,16.3,1.58730158730159,89.4736842105263,3.98803589232303,,2,4,50.0,False,True,True,,False
P5W1,3013,Miami-Quail Roost Dr,3013-FL-Miami-Quail Roost Dr,10.333333333333334,2.06896551724138,100.0,0.6690454950936661,0.0,3,5,60.0,False,True,True,True,False
P5W1,3200,Jupiter-E Indiantown Rd,3200-FL-Jupiter-E Indiantown Rd,7.266666666666667,0.0,100.0,1.02489019033675,,4,4,100.0,True,True,True,,True
P5W1,3317,Boca Raton-Glades Road,3317-FL-Boca Raton-Glades Road,17.5,0.0,88.6792452830189,1.84569952011812,,3,4,75.0,False,True,True,,True
P5W1,346,Miami-Old Cutler Rd,346-FL-Miami-Old Cutler Rd,9.516666666666667,0.555555555555556,100.0,4.06865861411316,,4,4,100.0,True,True,True,,True
P5W1,4032,Miami-NW 7th St.,4032-FL-Miami-NW 7th St.,10.116666666666667,0.0,100.0,0.0,,3,4,75.0,False,True,True,,True
P5W1,420,Deerfield Beach,420-FL-Deerfield Beach,8.916666666666666,0.0,95.4545454545455,8.33333333333333,,4,4,100.0,True,True,True,,True
P5W1,79,Plantation,79-FL-Plantation,14.483333333333333,0.0,92.1348314606742,8.262002232973579,,3,4,75.0,False,True,True,,True
P5W1,871,Florida City-Dixie Hwy,871-FL-Florida City-Dixie Hwy,9.116666666666667,0.38910505836575904,96.6666666666667,1.47573786893447,,4,4,100.0,True,True,True,,True
P5W1,883,Hallandale Beach-W Hallandale ,883-FL-Hallandale Beach-W Hallandale Beach Blvd,10.683333333333334,0.5208333333333329,98.41269841269839,0.0,,3,4,75.0,False,True,True,,True
P5W2,1096,Tamarac-N. University Drive,1096-FL-Tamarac-N. University Drive,15.433333333333334,0.0,100.0,0.0,,3,4,75.0,False,True,True,,True
P5W2,1167,Pembroke Pines-Pines Blvd,1167-FL-Pembroke Pines-Pines Blvd,40.93333333333333,0.0,88.3333333333333,4.64774951076321,1.651893634166,4,5,80.0,False,True,True,True,True
P5W2,1252,Fort Lauderdale-W. Broward Blv,1252-FL-Fort Lauderdale-W. Broward Blvd.,6.316666666666666,0.0,95.4128440366973,0.0,,4,4,100.0,True,True,True,,True
P5W2,1677,Palmetto Bay- SW 160th St.,1677-FL-Palmetto Bay- SW 160th St.,8.1,0.699300699300699,92.7272727272727,2.48241621845263,,4,4,100.0,True,True,True,,True
P5W2,1726,Fort Lauderdale-E. Commercial ,1726-FL-Fort Lauderdale-E. Commercial Blvd,11.283333333333333,0.0,100.0,4.20650095602294,,3,4,75.0,False,True,True,,True
P5W2,1771,Miami-SW 152nd St,1771-FL-Miami-SW 152nd St,6.933333333333334,0.0,98.38709677419351,0.77780658542909,0.0,5,5,100.0,True,True,True,True,True
P5W2,183,Margate-Atlantic,183-FL-Margate-Atlantic,13.933333333333334,0.0,66.19718309859151,0.0,,2,4,50.0,False,False,True,,True
P5W2,1841,Ft Lauderdale-S Federal Hwy,1841-FL-Ft Lauderdale-S Federal Hwy,8.666666666666666,0.641025641025641,100.0,2.12947189097104,,4,4,100.0,True,True,True,,True
P5W2,1847,Pompano Beach-N. Federal Hwy,1847-FL-Pompano Beach-N. Federal Hwy,8.033333333333333,2.9585798816568,83.3333333333333,0.45558086560364497,0.5380476556495,3,5,60.0,True,False,True,True,False
P5W2,1848,Miami-SW 107th Ave,1848-FL-Miami-SW 107th Ave,8.683333333333334,0.0,100.0,0.689338235294118,3.54679802955665,5,5,100.0,True,True,True,True,True
P5W2,1864,Hialeah Gardens-W 33rd Ave,1864-FL-Hialeah Gardens-W 33rd Ave,7.816666666666666,0.529100529100529,95.6521739130435,0.355297157622739,0.704225352112676,5,5,100.0,True,True,True,True,True
P5W2,1891,Miami-SW 137th Ave,1891-FL-Miami-SW 137th Ave,10.033333333333333,0.0,100.0,1.7905102954342,,3,4,75.0,False,True,True,,True
P5W2,1954,Miami-N Kendall Dr,1954-FL-Miami-N Kendall Dr,6.883333333333333,1.3215859030837,100.0,0.9834492684096909,,4,4,100.0,True,True,True,,True
P5W2,1972,Miami-Bird Ludlam,1972-FL-Miami-Bird Ludlam,7.983333333333333,0.0,100.0,0.7859949982136479,,4,4,100.0,True,True,True,,True
P5W2,2013,Palm Springs-S Congress Ave,2013-FL-Palm Springs-S Congress Ave,14.65,3.125,100.0,0.0,,2,4,50.0,False,True,True,,False
P5W2,2042,Miami-W Flagler St,2042-FL-Miami-W Flagler St,7.516666666666667,0.588235294117647,100.0,0.0,0.0,5,5,100.0,True,True,True,True,True
P5W2,2048,Coral Springs-Wiles Rd,2048-FL-Coral Springs-Wiles Rd,10.266666666666667,0.0,88.3116883116883,0.6921373200442971,,3,4,75.0,False,True,True,,True
P5W2,205,Lauderhill-Oakland Park,205-FL-Lauderhill-Oakland Park,5.533333333333333,0.0,100.0,18.014301430143,,3,4,75.0,True,True,False,,True
P5W2,2118,Naranja-S. Dixie Hwy,2118-FL-Naranja-S. Dixie Hwy,8.183333333333334,0.0,,0.0,,3,3,100.0,True,,True,,True
P5W2,2290,Pembroke Pines-N. Flamingo Rd,2290-FL-Pembroke Pines-N. Flamingo Rd,12.133333333333333,0.546448087431694,100.0,4.34009249377446,2.42501595405233,4,5,80.0,False,True,True,True,True
P5W2,2497,Royal Palm Beach,2497-FL-Royal Palm Beach,9.183333333333334,2.3696682464455,100.0,0.0,,3,4,75.0,True,True,True,,False
P5W2,2602,Doral-NW 58th St.,2602-FL-Doral-NW 58th St.,8.966666666666667,0.869565217391304,100.0,0.0,,4,4,100.0,True,True,True,,True
P5W2,2627,Hialeah-Hialeah Dr.,2627-FL-Hialeah-Hialeah Dr.,6.916666666666667,0.0,100.0,0.0,,4,4,100.0,True,True,True,,True
P5W2,2696,West Palm Beach-Okeechobee Blv,2696-FL-West Palm Beach-Okeechobee Blvd,9.183333333333334,1.36986301369863,93.9393939393939,3.11305297651557,6.41025641025641,4,5,80.0,True,True,True,False,True
P5W2,2766,Miami-Bird Rd.,2766-FL-Miami-Bird Rd.,9.466666666666667,0.0,100.0,0.0,,4,4,100.0,True,True,True,,True
P5W2,2885,Lantana-W. Lantana Rd,2885-FL-Lantana-W. Lantana Rd,7.6,0.719424460431655,95.34883720930229,4.92227979274611,0.0,5,5,100.0,True,True,True,True,True
P5W2,2890,Miami-NW 199th St.,2890-FL-Miami-NW 199th St.,14.933333333333334,0.0,100.0,0.0,,3,4,75.0,False,True,True,,True
P5W2,2893,Miami-NE Miami Ct. - GK,2893-FL-Miami-NE Miami Ct. - GK,18.633333333333333,1.03092783505155,100.0,0.0,,3,4,75.0,False,True,True,,True
P5W2,2974,Delray Beach-Linton Blvd,2974-FL-Delray Beach-Linton Blvd,11.916666666666666,0.0,84.09090909090911,1.9367028814359901,0.0,3,5,60.0,False,False,True,True,True
P5W2,2976,Weston-Indian Trace,2976-FL-Weston-Indian Trace,12.6,0.555555555555556,88.2352941176471,6.718924972004479,0.216138328530259,4,5,80.0,False,True,True,True,True
P5W2,3013,Miami-Quail Roost Dr,3013-FL-Miami-Quail Roost Dr,9.833333333333334,0.636942675159236,100.0,3.1657355679702,,4,4,100.0,True,True,True,,True
P5W2,3200,Jupiter-E Indiantown Rd,3200-FL-Jupiter-E Indiantown Rd,8.683333333333334,0.0,96.551724137931,2.1567217828900103,,4,4,100.0,True,True,True,,True
P5W2,3317,Boca Raton-Glades Road,3317-FL-Boca Raton-Glades Road,15.216666666666667,2.8169014084507,86.53846153846149,8.7378640776699,0.9685230024213081,3,5,60.0,False,True,True,True,False
P5W2,346,Miami-Old Cutler Rd,346-FL-Miami-Old Cutler Rd,10.066666666666666,0.5076142131979701,100.0,2.30971128608924,,3,4,75.0,False,True,True,,True
P5W2,4032,Miami-NW 7th St.,4032-FL-Miami-NW 7th St.,9.2,0.0,100.0,0.0,,4,4,100.0,True,True,True,,True
P5W2,420,Deerfield Beach,420-FL-Deerfield Beach,9.433333333333334,0.0,100.0,0.0,,4,4,100.0,True,True,True,,True
P5W2,79,Plantation,79-FL-Plantation,8.5,0.0,89.0243902439024,17.741187384044498,0.0,4,5,80.0,True,True,False,True,True
P5W2,871,Florida City-Dixie Hwy,871-FL-Florida City-Dixie Hwy,11.516666666666667,0.38461538461538497,95.0,1.02564102564103,4.91428571428571,4,5,80.0,False,True,True,True,True
P5W2,883,Hallandale Beach-W Hallandale ,883-FL-Hallandale Beach-W Hallandale Beach Blvd,11.066666666666666,0.0,100.0,0.0,0.0,4,5,80.0,False,True,True,True,True
P5W3,1096,Tamarac-N. University Drive,1096-FL-Tamarac-N. University Drive,27.866666666666667,0.0,90.3225806451613,0.0,,3,4,75.0,False,True,True,,True
P5W3,1167,Pembroke Pines-Pines Blvd,1167-FL-Pembroke Pines-Pines Blvd,21.833333333333332,0.0,98.5507246376812,0.0,0.374064837905237,4,5,80.0,False,True,True,True,True
P5W3,1252,Fort Lauderdale-W. Broward Blv,1252-FL-Fort Lauderdale-W. Broward Blvd.,9.616666666666667,0.40485829959514197,96.1904761904762,0.0,,4,4,100.0,True,True,True,,True
P5W3,1677,Palmetto Bay- SW 160th St.,1677-FL-Palmetto Bay- SW 160th St.,7.15,0.0,100.0,0.0,2.53807106598985,5,5,100.0,True,True,True,True,True
P5W3,1726,Fort Lauderdale-E. Commercial ,1726-FL-Fort Lauderdale-E. Commercial Blvd,13.166666666666666,0.0,100.0,2.05826472450918,,3,4,75.0,False,True,True,,True
P5W3,1771,Miami-SW 152nd St,1771-FL-Miami-SW 152nd St,7.8,0.0,100.0,0.0,,4,4,100.0,True,True,True,,True
P5W3,183,Margate-Atlantic,183-FL-Margate-Atlantic,17.15,0.630914826498423,85.4166666666667,0.0,,3,4,75.0,False,True,True,,True
P5W3,1841,Ft Lauderdale-S Federal Hwy,1841-FL-Ft Lauderdale-S Federal Hwy,7.3,1.1173184357541899,100.0,3.73692077727952,,4,4,100.0,True,True,True,,True
P5W3,1847,Pompano Beach-N. Federal Hwy,1847-FL-Pompano Beach-N. Federal Hwy,9.683333333333334,1.82648401826484,89.3617021276596,0.0,4.37405731523379,4,5,80.0,True,True,True,True,False
P5W3,1848,Miami-SW 107th Ave,1848-FL-Miami-SW 107th Ave,8.483333333333333,0.0,100.0,0.0,3.30760749724366,5,5,100.0,True,True,True,True,True
P5W3,1864,Hialeah Gardens-W 33rd Ave,1864-FL-Hialeah Gardens-W 33rd Ave,7.866666666666667,0.0,93.61702127659571,1.24469589816124,0.943989930774072,5,5,100.0,True,True,True,True,True
P5W3,1891,Miami-SW 137th Ave,1891-FL-Miami-SW 137th Ave,10.166666666666666,0.0,100.0,0.0,1.14140773620799,4,5,80.0,False,True,True,True,True
P5W3,1954,Miami-N Kendall Dr,1954-FL-Miami-N Kendall Dr,8.133333333333333,0.0,96.9230769230769,0.36680421824851,1.47717099373321,5,5,100.0,True,True,True,True,True
P5W3,1972,Miami-Bird Ludlam,1972-FL-Miami-Bird Ludlam,7.166666666666667,0.0,98.1481481481482,0.0,,4,4,100.0,True,True,True,,True
P5W3,2013,Palm Springs-S Congress Ave,2013-FL-Palm Springs-S Congress Ave,12.333333333333334,1.16959064327485,100.0,1.3869625520111,,3,4,75.0,False,True,True,,True
P5W3,2042,Miami-W Flagler St,2042-FL-Miami-W Flagler St,9.916666666666666,0.0,100.0,0.0,,4,4,100.0,True,True,True,,True
P5W3,2048,Coral Springs-Wiles Rd,2048-FL-Coral Springs-Wiles Rd,10.916666666666666,0.0,100.0,0.0,,3,4,75.0,False,True,True,,True
P5W3,205,Lauderhill-Oakland Park,205-FL-Lauderhill-Oakland Park,8.516666666666667,0.0,100.0,0.0,,4,4,100.0,True,True,True,,True
P5W3,2118,Naranja-S. Dixie Hwy,2118-FL-Naranja-S. Dixie Hwy,8.716666666666667,0.0,,0.0,,3,3,100.0,True,,True,,True
P5W3,2290,Pembroke Pines-N. Flamingo Rd,2290-FL-Pembroke Pines-N. Flamingo Rd,10.283333333333333,0.581395348837209,97.1428571428571,5.22735409953455,2.2784810126582298,4,5,80.0,False,True,True,True,True
P5W3,2497,Royal Palm Beach,2497-FL-Royal Palm Beach,11.083333333333334,0.9433962264150939,100.0,0.0,0.0,4,5,80.0,False,True,True,True,True
P5W3,2602,Doral-NW 58th St.,2602-FL-Doral-NW 58th St.,8.766666666666667,0.8264462809917361,100.0,0.0,0.0,5,5,100.0,True,True,True,True,True
P5W3,2627,Hialeah-Hialeah Dr.,2627-FL-Hialeah-Hialeah Dr.,9.933333333333334,0.5586592178770949,100.0,0.0,,4,4,100.0,True,True,True,,True
P5W3,2696,West Palm Beach-Okeechobee Blv,2696-FL-West Palm Beach-Okeechobee Blvd,14.416666666666666,1.72413793103448,97.1428571428571,6.492912665752169,,2,4,50.0,False,True,True,,False
P5W3,2766,Miami-Bird Rd.,2766-FL-Miami-Bird Rd.,8.266666666666667,0.0,100.0,0.0,,4,4,100.0,True,True,True,,True
P5W3,2885,Lantana-W. Lantana Rd,2885-FL-Lantana-W. Lantana Rd,7.833333333333333,0.0,100.0,1.6129032258064497,,4,4,100.0,True,True,True,,True
P5W3,2890,Miami-NW 199th St.,2890-FL-Miami-NW 199th St.,14.116666666666667,0.0,100.0,0.0,,3,4,75.0,False,True,True,,True
P5W3,2893,Miami-NE Miami Ct. - GK,2893-FL-Miami-NE Miami Ct. - GK,19.583333333333332,1.48514851485149,100.0,0.9348807221147649,,3,4,75.0,False,True,True,,True
P5W3,2974,Delray Beach-Linton Blvd,2974-FL-Delray Beach-Linton Blvd,8.416666666666666,0.7246376811594201,88.8888888888889,0.0,,4,4,100.0,True,True,True,,True
P5W3,2976,Weston-Indian Trace,2976-FL-Weston-Indian Trace,12.633333333333333,0.0,93.1818181818182,0.0,,3,4,75.0,False,True,True,,True
P5W3,3013,Miami-Quail Roost Dr,3013-FL-Miami-Quail Roost Dr,7.816666666666666,0.0,100.0,8.539053014973701,,4,4,100.0,True,True,True,,True
P5W3,3200,Jupiter-E Indiantown Rd,3200-FL-Jupiter-E Indiantown Rd,8.383333333333333,0.0,100.0,0.0,,4,4,100.0,True,True,True,,True
P5W3,3317,Boca Raton-Glades Road,3317-FL-Boca Raton-Glades Road,9.033333333333333,0.0,82.4561403508772,8.71632329635499,,3,4,75.0,True,False,True,,True
P5W3,346,Miami-Old Cutler Rd,346-FL-Miami-Old Cutler Rd,10.016666666666667,0.925925925925926,96.7741935483871,3.9055668901195,,3,4,75.0,False,True,True,,True
P5W3,4032,Miami-NW 7th St.,4032-FL-Miami-NW 7th St.,13.216666666666667,0.492610837438424,100.0,0.0,,3,4,75.0,False,True,True,,True
P5W3,420,Deerfield Beach,420-FL-Deerfield Beach,10.366666666666667,1.1235955056179798,100.0,0.0,,3,4,75.0,False,True,True,,True
P5W3,79,Plantation,79-FL-Plantation,11.833333333333334,0.0,93.0555555555556,29.2750744786495,,2,4,50.0,False,True,False,,True
P5W3,871,Florida City-Dixie Hwy,871-FL-Florida City-Dixie Hwy,10.35,0.72992700729927,98.8636363636364,2.20555800617556,,3,4,75.0,False,True,True,,True
P5W3,883,Hallandale Beach-W Hallandale ,883-FL-Hallandale Beach-W Hallandale Beach Blvd,10.233333333333333,1.27659574468085,100.0,0.0,,3,4,75.0,False,True,True,,True
P5W4,1096,Tamarac-N. University Drive,1096-FL-Tamarac-N. University Drive,20.833333333333332,0.320512820512821,78.6885245901639,0.0,,2,4,50.0,False,False,True,,True
P5W4,1167,Pembroke Pines-Pines Blvd,1167-FL-Pembroke Pines-Pines Blvd,36.766666666666666,0.363636363636364,86.0759493670886,0.0,,3,4,75.0,False,True,True,,True
P5W4,1252,Fort Lauderdale-W. Broward Blv,1252-FL-Fort Lauderdale-W. Broward Blvd.,8.066666666666666,0.0,76.97841726618701,4.241808483616969,,3,4,75.0,True,False,True,,True
P5W4,1677,Palmetto Bay- SW 160th St.,1677-FL-Palmetto Bay- SW 160th St.,7.816666666666666,0.0,98.0769230769231,0.0,0.0,5,5,100.0,True,True,True,True,True
P5W4,1726,Fort Lauderdale-E. Commercial ,1726-FL-Fort Lauderdale-E. Commercial Blvd,10.1,0.588235294117647,100.0,0.0,,3,4,75.0,False,True,True,,True
P5W4,1771,Miami-SW 152nd St,1771-FL-Miami-SW 152nd St,6.15,0.0,100.0,0.962463907603465,,4,4,100.0,True,True,True,,True
P5W4,183,Margate-Atlantic,183-FL-Margate-Atlantic,15.866666666666667,0.630914826498423,77.27272727272731,0.0,,2,4,50.0,False,False,True,,True
P5W4,1841,Ft Lauderdale-S Federal Hwy,1841-FL-Ft Lauderdale-S Federal Hwy,7.166666666666667,0.628930817610063,100.0,0.0,,4,4,100.0,True,True,True,,True
P5W4,1847,Pompano Beach-N. Federal Hwy,1847-FL-Pompano Beach-N. Federal Hwy,10.033333333333333,1.8957345971564,69.49152542372879,0.701754385964912,,1,4,25.0,False,False,True,,False
P5W4,1848,Miami-SW 107th Ave,1848-FL-Miami-SW 107th Ave,8.45,1.7699115044247802,100.0,0.0,15.0480256136606,3,5,60.0,True,True,True,False,False
P5W4,1864,Hialeah Gardens-W 33rd Ave,1864-FL-Hialeah Gardens-W 33rd Ave,7.983333333333333,0.0,100.0,2.49923803718379,0.0,5,5,100.0,True,True,True,True,True
P5W4,1891,Miami-SW 137th Ave,1891-FL-Miami-SW 137th Ave,9.183333333333334,2.42424242424242,100.0,0.0,,3,4,75.0,True,True,True,,False
P5W4,1954,Miami-N Kendall Dr,1954-FL-Miami-N Kendall Dr,5.716666666666667,0.0,100.0,0.0,3.9519759879939995,5,5,100.0,True,True,True,True,True
P5W4,1972,Miami-Bird Ludlam,1972-FL-Miami-Bird Ludlam,7.766666666666667,0.0,96.551724137931,0.0,10.8753315649867,4,5,80.0,True,True,True,False,True
P5W4,2013,Palm Springs-S Congress Ave,2013-FL-Palm Springs-S Congress Ave,10.95,0.0,100.0,2.51466890192791,,3,4,75.0,False,True,True,,True
P5W4,2042,Miami-W Flagler St,2042-FL-Miami-W Flagler St,9.833333333333334,0.0,97.9591836734694,0.0,1.40216698534098,5,5,100.0,True,True,True,True,True
P5W4,2048,Coral Springs-Wiles Rd,2048-FL-Coral Springs-Wiles Rd,10.683333333333334,0.350877192982456,94.5652173913043,0.203527815468114,,3,4,75.0,False,True,True,,True
P5W4,205,Lauderhill-Oakland Park,205-FL-Lauderhill-Oakland Park,8.0,0.26595744680851097,100.0,0.0,,4,4,100.0,True,True,True,,True
P5W4,2118,Naranja-S. Dixie Hwy,2118-FL-Naranja-S. Dixie Hwy,11.0,0.291545189504373,,0.0,,2,3,66.66666666666666,False,,True,,True
P5W4,2290,Pembroke Pines-N. Flamingo Rd,2290-FL-Pembroke Pines-N. Flamingo Rd,9.633333333333333,1.0869565217391302,100.0,1.16550116550117,,4,4,100.0,True,True,True,,True
P5W4,2497,Royal Palm Beach,2497-FL-Royal Palm Beach,10.766666666666667,4.36681222707424,100.0,0.0,,2,4,50.0,False,True,True,,False
P5W4,2602,Doral-NW 58th St.,2602-FL-Doral-NW 58th St.,8.3,0.869565217391304,100.0,0.0,0.422654268808115,5,5,100.0,True,True,True,True,True
P5W4,2627,Hialeah-Hialeah Dr.,2627-FL-Hialeah-Hialeah Dr.,9.416666666666666,0.0,100.0,0.0,,4,4,100.0,True,True,True,,True
P5W4,2696,West Palm Beach-Okeechobee Blv,2696-FL-West Palm Beach-Okeechobee Blvd,14.316666666666666,0.0,96.969696969697,2.99102691924227,,3,4,75.0,False,True,True,,True
P5W4,2766,Miami-Bird Rd.,2766-FL-Miami-Bird Rd.,8.433333333333334,0.0,100.0,0.0,,4,4,100.0,True,True,True,,True
P5W4,2885,Lantana-W. Lantana Rd,2885-FL-Lantana-W. Lantana Rd,8.266666666666667,0.0,83.0508474576271,2.3052097740894397,,3,4,75.0,True,False,True,,True
P5W4,2890,Miami-NW 199th St.,2890-FL-Miami-NW 199th St.,15.016666666666667,0.46948356807511704,100.0,0.0,,3,4,75.0,False,True,True,,True
P5W4,2893,Miami-NE Miami Ct. - GK,2893-FL-Miami-NE Miami Ct. - GK,11.35,0.938967136150235,100.0,0.85995085995086,,3,4,75.0,False,True,True,,True
P5W4,2974,Delray Beach-Linton Blvd,2974-FL-Delray Beach-Linton Blvd,10.516666666666667,1.74418604651163,92.4528301886792,0.6412997007268061,,2,4,50.0,False,True,True,,False
P5W4,2976,Weston-Indian Trace,2976-FL-Weston-Indian Trace,13.1,0.0,89.1304347826087,0.0,3.7329504666188096,4,5,80.0,False,True,True,True,True
P5W4,3013,Miami-Quail Roost Dr,3013-FL-Miami-Quail Roost Dr,10.583333333333334,1.04712041884817,100.0,3.91816920943135,,3,4,75.0,False,True,True,,True
P5W4,3200,Jupiter-E Indiantown Rd,3200-FL-Jupiter-E Indiantown Rd,10.083333333333334,2.04081632653061,100.0,0.0,,2,4,50.0,False,True,True,,False
P5W4,3210,Miami-SW 8th Street,3210-FL-Miami-SW 8th Street,9.716666666666667,0.0,100.0,14.982164090368599,,3,4,75.0,True,True,False,,True
P5W4,3317,Boca Raton-Glades Road,3317-FL-Boca Raton-Glades Road,12.916666666666666,0.0,88.135593220339,6.32594710507505,0.0,4,5,80.0,False,True,True,True,True
P5W4,346,Miami-Old Cutler Rd,346-FL-Miami-Old Cutler Rd,9.15,0.0,100.0,2.7761542957334897,,4,4,100.0,True,True,True,,True
P5W4,4032,Miami-NW 7th St.,4032-FL-Miami-NW 7th St.,9.916666666666666,0.0,100.0,0.0,0.0,5,5,100.0,True,True,True,True,True
P5W4,420,Deerfield Beach,420-FL-Deerfield Beach,11.333333333333334,0.0,93.0232558139535,1.79869881362419,,3,4,75.0,False,True,True,,True
P5W4,79,Plantation,79-FL-Plantation,11.816666666666666,0.568181818181818,95.06172839506169,7.912940779483719,,3,4,75.0,False,True,True,,True
P5W4,871,Florida City-Dixie Hwy,871-FL-Florida City-Dixie Hwy,7.866666666666667,0.0,97.5609756097561,1.953125,,4,4,100.0,True,True,True,,True
P5W4,883,Hallandale Beach-W Hallandale ,883-FL-Hallandale Beach-W Hallandale Beach Blvd,9.816666666666666,1.6129032258064497,100.0,0.0,,3,4,75.0,True,True,True,,False
P6W1,1096,Tamarac-N. University Drive,1096-FL-Tamarac-N. University Drive,16.166666666666668,0.333333333333333,92.7272727272727,0.0,,3,4,75.0,False,True,True,,True
P6W1,1167,Pembroke Pines-Pines Blvd,1167-FL-Pembroke Pines-Pines Blvd,40.88333333333333,0.0,100.0,1.03332472229398,,3,4,75.0,False,True,True,,True
P6W1,1252,Fort Lauderdale-W. Broward Blv,1252-FL-Fort Lauderdale-W. Broward Blvd.,6.366666666666666,0.425531914893617,82.2916666666667,0.0,,3,4,75.0,True,False,True,,True
P6W1,1677,Palmetto Bay- SW 160th St.,1677-FL-Palmetto Bay- SW 160th St.,7.483333333333333,0.0,97.3684210526316,0.0,,4,4,100.0,True,True,True,,True
P6W1,1726,Fort Lauderdale-E. Commercial ,1726-FL-Fort Lauderdale-E. Commercial Blvd,11.083333333333334,2.05479452054795,100.0,0.0,,2,4,50.0,False,True,True,,False
P6W1,1771,Miami-SW 152nd St,1771-FL-Miami-SW 152nd St,8.35,0.0,100.0,0.0,0.299043062200957,5,5,100.0,True,True,True,True,True
P6W1,183,Margate-Atlantic,183-FL-Margate-Atlantic,18.05,0.35587188612099596,76.3888888888889,0.0,,2,4,50.0,False,False,True,,True
P6W1,1841,Ft Lauderdale-S Federal Hwy,1841-FL-Ft Lauderdale-S Federal Hwy,7.416666666666667,1.66666666666667,95.7142857142857,0.0,,3,4,75.0,True,True,True,,False
P6W1,1847,Pompano Beach-N. Federal Hwy,1847-FL-Pompano Beach-N. Federal Hwy,8.3,1.6949152542372898,59.2592592592593,0.66510172143975,3.82513661202186,3,5,60.0,True,False,True,True,False
P6W1,1848,Miami-SW 107th Ave,1848-FL-Miami-SW 107th Ave,8.366666666666667,0.0,100.0,2.49807840122982,4.4798785117691695,5,5,100.0,True,True,True,True,True
P6W1,1864,Hialeah Gardens-W 33rd Ave,1864-FL-Hialeah Gardens-W 33rd Ave,7.533333333333333,0.0,94.7368421052632,0.0,,4,4,100.0,True,True,True,,True
P6W1,1891,Miami-SW 137th Ave,1891-FL-Miami-SW 137th Ave,7.616666666666667,0.0,97.3684210526316,1.00596125186289,,4,4,100.0,True,True,True,,True
P6W1,1954,Miami-N Kendall Dr,1954-FL-Miami-N Kendall Dr,8.15,0.0,100.0,0.9828009828009829,3.2011466794075503,5,5,100.0,True,True,True,True,True
P6W1,1972,Miami-Bird Ludlam,1972-FL-Miami-Bird Ludlam,9.333333333333334,0.377358490566038,100.0,0.0,3.0981067125645403,5,5,100.0,True,True,True,True,True
P6W1,2013,Palm Springs-S Congress Ave,2013-FL-Palm Springs-S Congress Ave,12.85,0.598802395209581,100.0,0.0,,3,4,75.0,False,True,True,,True
P6W1,2042,Miami-W Flagler St,2042-FL-Miami-W Flagler St,8.15,0.0,98.03921568627449,0.0,1.4978601997146899,5,5,100.0,True,True,True,True,True
P6W1,2048,Coral Springs-Wiles Rd,2048-FL-Coral Springs-Wiles Rd,10.866666666666667,0.386100386100386,100.0,1.1376248612652602,,3,4,75.0,False,True,True,,True
P6W1,205,Lauderhill-Oakland Park,205-FL-Lauderhill-Oakland Park,7.633333333333333,0.0,100.0,0.0,,4,4,100.0,True,True,True,,True
P6W1,2118,Naranja-S. Dixie Hwy,2118-FL-Naranja-S. Dixie Hwy,8.083333333333334,0.0,,0.0,,3,3,100.0,True,,True,,True
P6W1,2290,Pembroke Pines-N. Flamingo Rd,2290-FL-Pembroke Pines-N. Flamingo Rd,10.366666666666667,0.0,100.0,2.65540132770066,1.83443085606773,4,5,80.0,False,True,True,True,True
P6W1,2497,Royal Palm Beach,2497-FL-Royal Palm Beach,8.95,0.454545454545455,100.0,0.0,,4,4,100.0,True,True,True,,True
P6W1,2602,Doral-NW 58th St.,2602-FL-Doral-NW 58th St.,8.066666666666666,0.65359477124183,100.0,0.0,0.540540540540541,5,5,100.0,True,True,True,True,True
P6W1,2627,Hialeah-Hialeah Dr.,2627-FL-Hialeah-Hialeah Dr.,8.516666666666667,0.628930817610063,100.0,0.0,,4,4,100.0,True,True,True,,True
P6W1,2696,West Palm Beach-Okeechobee Blv,2696-FL-West Palm Beach-Okeechobee Blvd,9.483333333333333,0.684931506849315,94.8717948717949,5.11133603238866,,4,4,100.0,True,True,True,,True
P6W1,2766,Miami-Bird Rd.,2766-FL-Miami-Bird Rd.,8.683333333333334,0.0,100.0,0.0,,4,4,100.0,True,True,True,,True
P6W1,2885,Lantana-W. Lantana Rd,2885-FL-Lantana-W. Lantana Rd,8.2,0.714285714285714,86.4406779661017,1.97530864197531,,4,4,100.0,True,True,True,,True
P6W1,2890,Miami-NW 199th St.,2890-FL-Miami-NW 199th St.,11.983333333333333,0.0,100.0,0.0,,3,4,75.0,False,True,True,,True
P6W1,2893,Miami-NE Miami Ct. - GK,2893-FL-Miami-NE Miami Ct. - GK,9.883333333333333,0.0,98.7179487179487,0.0,,4,4,100.0,True,True,True,,True
P6W1,2974,Delray Beach-Linton Blvd,2974-FL-Delray Beach-Linton Blvd,9.766666666666667,0.684931506849315,90.24390243902441,0.31023784901758,,4,4,100.0,True,True,True,,True
P6W1,2976,Weston-Indian Trace,2976-FL-Weston-Indian Trace,14.933333333333334,0.6211180124223601,87.1794871794872,0.0,0.0,4,5,80.0,False,True,True,True,True
P6W1,3013,Miami-Quail Roost Dr,3013-FL-Miami-Quail Roost Dr,10.266666666666667,4.76190476190476,100.0,3.48044492285612,,2,4,50.0,False,True,True,,False
P6W1,3200,Jupiter-E Indiantown Rd,3200-FL-Jupiter-E Indiantown Rd,8.933333333333334,0.0,100.0,8.03072625698324,,4,4,100.0,True,True,True,,True
P6W1,3210,Miami-SW 8th Street,3210-FL-Miami-SW 8th Street,9.833333333333334,0.9090909090909091,97.3684210526316,9.501965923984269,,4,4,100.0,True,True,True,,True
P6W1,3317,Boca Raton-Glades Road,3317-FL-Boca Raton-Glades Road,12.316666666666666,0.0,91.5254237288136,5.67703952901598,0.9927200529450699,4,5,80.0,False,True,True,True,True
P6W1,346,Miami-Old Cutler Rd,346-FL-Miami-Old Cutler Rd,11.983333333333333,0.0,100.0,0.23288309268747098,,3,4,75.0,False,True,True,,True
P6W1,4032,Miami-NW 7th St.,4032-FL-Miami-NW 7th St.,9.15,0.0,100.0,0.0,,4,4,100.0,True,True,True,,True
P6W1,420,Deerfield Beach,420-FL-Deerfield Beach,11.566666666666666,0.0,100.0,8.46819721490403,,3,4,75.0,False,True,True,,True
P6W1,79,Plantation,79-FL-Plantation,10.066666666666666,0.0,97.0149253731343,2.19481605351171,,3,4,75.0,False,True,True,,True
P6W1,871,Florida City-Dixie Hwy,871-FL-Florida City-Dixie Hwy,9.183333333333334,0.719424460431655,83.1683168316832,21.377183967112,,2,4,50.0,True,False,False,,True
P6W1,883,Hallandale Beach-W Hallandale ,883-FL-Hallandale Beach-W Hallandale Beach Blvd,9.5,0.429184549356223,100.0,0.0,,4,4,100.0,True,True,True,,True
P6W2,1096,Tamarac-N. University Drive,1096-FL-Tamarac-N. University Drive,18.783333333333335,0.0,73.2394366197183,6.694129763130791,,2,4,50.0,False,False,True,,True
P6W2,1167,Pembroke Pines-Pines Blvd,1167-FL-Pembroke Pines-Pines Blvd,22.816666666666666,4.18410041841004,74.3243243243243,1.0188487009679101,13.441295546558699,1,5,20.0,False,False,True,False,False
P6W2,1252,Fort Lauderdale-W. Broward Blv,1252-FL-Fort Lauderdale-W. Broward Blvd.,6.716666666666667,0.0,87.9032258064516,0.0,,4,4,100.0,True,True,True,,True
P6W2,1677,Palmetto Bay- SW 160th St.,1677-FL-Palmetto Bay- SW 160th St.,7.933333333333334,0.684931506849315,100.0,0.0,,4,4,100.0,True,True,True,,True
P6W2,1726,Fort Lauderdale-E. Commercial ,1726-FL-Fort Lauderdale-E. Commercial Blvd,7.316666666666666,0.0,100.0,0.0,,4,4,100.0,True,True,True,,True
P6W2,1771,Miami-SW 152nd St,1771-FL-Miami-SW 152nd St,7.783333333333333,0.588235294117647,100.0,1.93185809624166,1.0718789407314,5,5,100.0,True,True,True,True,True
P6W2,183,Margate-Atlantic,183-FL-Margate-Atlantic,20.983333333333334,0.696864111498258,100.0,0.0,,3,4,75.0,False,True,True,,True
P6W2,1841,Ft Lauderdale-S Federal Hwy,1841-FL-Ft Lauderdale-S Federal Hwy,6.866666666666667,0.595238095238095,98.1481481481482,2.36535662299854,,4,4,100.0,True,True,True,,True
P6W2,1847,Pompano Beach-N. Federal Hwy,1847-FL-Pompano Beach-N. Federal Hwy,9.316666666666666,0.0,63.4615384615385,1.35531135531136,3.35758254057079,4,5,80.0,True,False,True,True,True
P6W2,1848,Miami-SW 107th Ave,1848-FL-Miami-SW 107th Ave,8.283333333333333,0.813008130081301,100.0,0.0,2.74102079395085,5,5,100.0,True,True,True,True,True
P6W2,1864,Hialeah Gardens-W 33rd Ave,1864-FL-Hialeah Gardens-W 33rd Ave,8.4,0.5076142131979701,97.82608695652169,0.920245398773006,,4,4,100.0,True,True,True,,True
P6W2,1891,Miami-SW 137th Ave,1891-FL-Miami-SW 137th Ave,8.5,0.628930817610063,100.0,1.796798431885,,4,4,100.0,True,True,True,,True
P6W2,1954,Miami-N Kendall Dr,1954-FL-Miami-N Kendall Dr,7.816666666666666,0.478468899521531,100.0,0.8549292011755281,0.424403183023873,5,5,100.0,True,True,True,True,True
P6W2,1972,Miami-Bird Ludlam,1972-FL-Miami-Bird Ludlam,7.816666666666666,0.448430493273543,100.0,0.0,0.0,5,5,100.0,True,True,True,True,True
P6W2,2013,Palm Springs-S Congress Ave,2013-FL-Palm Springs-S Congress Ave,11.883333333333333,0.0,100.0,0.0,,3,4,75.0,False,True,True,,True
P6W2,2042,Miami-W Flagler St,2042-FL-Miami-W Flagler St,6.533333333333333,0.0,100.0,3.4751542708671597,0.0,5,5,100.0,True,True,True,True,True
P6W2,2048,Coral Springs-Wiles Rd,2048-FL-Coral Springs-Wiles Rd,9.383333333333333,0.0,100.0,3.88888888888889,,4,4,100.0,True,True,True,,True
P6W2,205,Lauderhill-Oakland Park,205-FL-Lauderhill-Oakland Park,7.333333333333333,0.366300366300366,100.0,1.74216027874564,,4,4,100.0,True,True,True,,True
P6W2,2118,Naranja-S. Dixie Hwy,2118-FL-Naranja-S. Dixie Hwy,7.5,0.0,,0.0,,3,3,100.0,True,,True,,True
P6W2,2290,Pembroke Pines-N. Flamingo Rd,2290-FL-Pembroke Pines-N. Flamingo Rd,9.833333333333334,0.0,100.0,0.0,0.284414106939704,5,5,100.0,True,True,True,True,True
P6W2,2497,Royal Palm Beach,2497-FL-Royal Palm Beach,12.433333333333334,0.9090909090909091,100.0,1.09175981284117,,3,4,75.0,False,True,True,,True
P6W2,2602,Doral-NW 58th St.,2602-FL-Doral-NW 58th St.,8.45,0.0,100.0,2.03583061889251,0.0,5,5,100.0,True,True,True,True,True
P6W2,2627,Hialeah-Hialeah Dr.,2627-FL-Hialeah-Hialeah Dr.,7.933333333333334,0.0,100.0,0.42716787697565106,0.796812749003984,5,5,100.0,True,True,True,True,True
P6W2,2696,West Palm Beach-Okeechobee Blv,2696-FL-West Palm Beach-Okeechobee Blvd,8.833333333333334,4.25531914893617,76.9230769230769,19.3950177935943,,1,4,25.0,True,False,False,,False
P6W2,2766,Miami-Bird Rd.,2766-FL-Miami-Bird Rd.,8.816666666666666,0.0,100.0,0.0,0.0,5,5,100.0,True,True,True,True,True
P6W2,2885,Lantana-W. Lantana Rd,2885-FL-Lantana-W. Lantana Rd,8.516666666666667,0.0,100.0,3.80908673703534,0.0,5,5,100.0,True,True,True,True,True
P6W2,2890,Miami-NW 199th St.,2890-FL-Miami-NW 199th St.,15.916666666666666,0.5,100.0,0.0,,3,4,75.0,False,True,True,,True
P6W2,2893,Miami-NE Miami Ct. - GK,2893-FL-Miami-NE Miami Ct. - GK,7.183333333333334,0.0,100.0,2.08631037439268,0.0,5,5,100.0,True,True,True,True,True
P6W2,2974,Delray Beach-Linton Blvd,2974-FL-Delray Beach-Linton Blvd,11.783333333333333,2.32558139534884,90.56603773584911,0.0,1.32127955493741,3,5,60.0,False,True,True,True,False
P6W2,2976,Weston-Indian Trace,2976-FL-Weston-Indian Trace,13.466666666666667,0.0,72.97297297297301,0.0,0.0,3,5,60.0,False,False,True,True,True
P6W2,3013,Miami-Quail Roost Dr,3013-FL-Miami-Quail Roost Dr,9.65,0.0,100.0,2.62778977681785,0.913520097442144,5,5,100.0,True,True,True,True,True
P6W2,3200,Jupiter-E Indiantown Rd,3200-FL-Jupiter-E Indiantown Rd,11.133333333333333,0.0,94.7368421052632,1.33155792276964,,3,4,75.0,False,True,True,,True
P6W2,3210,Miami-SW 8th Street,3210-FL-Miami-SW 8th Street,9.283333333333333,0.0,100.0,3.2603158430973,2.22412318220701,5,5,100.0,True,True,True,True,True
P6W2,3317,Boca Raton-Glades Road,3317-FL-Boca Raton-Glades Road,11.35,0.840336134453781,88.46153846153851,2.8290282902829,3.88489208633093,4,5,80.0,False,True,True,True,True
P6W2,346,Miami-Old Cutler Rd,346-FL-Miami-Old Cutler Rd,9.4,0.0,100.0,2.01300712294828,,4,4,100.0,True,True,True,,True
P6W2,4032,Miami-NW 7th St.,4032-FL-Miami-NW 7th St.,7.333333333333333,0.0,100.0,1.1111111111111098,0.0,5,5,100.0,True,True,True,True,True
P6W2,420,Deerfield Beach,420-FL-Deerfield Beach,10.2,0.0,97.9591836734694,4.01882693700217,3.22164948453608,4,5,80.0,False,True,True,True,True
P6W2,79,Plantation,79-FL-Plantation,14.466666666666667,0.0,89.7058823529412,25.3490080822924,,2,4,50.0,False,True,False,,True
P6W2,871,Florida City-Dixie Hwy,871-FL-Florida City-Dixie Hwy,10.866666666666667,0.0,92.3809523809524,0.0,,3,4,75.0,False,True,True,,True
P6W2,883,Hallandale Beach-W Hallandale ,883-FL-Hallandale Beach-W Hallandale Beach Blvd,13.083333333333334,0.0,97.2972972972973,4.20411713540157,0.0,4,5,80.0,False,True,True,True,True
